Workbook

Sheet A
A2: Matrix properties | Z2: 50kpa | AA2: pf
A3: λ* | B3: 0.0164 | C3: po (kPa) | D3: 200 | Z3: 25 | AA3: 102.5
A4: k | B4: 0.006 | C4: qo (kPa) | D4: 0 | Z4: 51 | AA4: 116.7
A5: ϕpk | B5: =IF(R58>=AA58,D9,D9-49.3*(R58-AA58)) -> 34.18269 | C5: dq/dp | D5: 3 | Z5: 100kpa
A6: Po* (kPa) | B6: =IF(D3>170,D3,170) -> 200 | C6: E or C | D6: C | Z6: 25 | AA6: 188.2
A7: vp (1 + ep) | B7: =1+C26 -> 1.603 | C7: pf (kPa) | D7: 400 | Z7: 51 | AA7: 208.5
A8: N | B8: =1.83*((1+K49)/K49)^B3+D22 -> 1.8509214 | C8: Pf Estimated | D8: =IF(D5<0,IF((D5*D3-D4)/(D5-B10)<K49/(1+K49)*B6,K49/(1+K49)*B6,(D5*D3-D4)/(D5-B10)),1.4*SQRT(100/D3)*IF((D5*D3-D4)/(D5-B10)<K49/(1+K49)*B6,K49/(1+K49)*B6,(D5*D3-D4)/(D5-B10))) -> 367.23659 | Z8: 200kpa
A9: νp | B9: 0.15 | C9: ϕcv | D9: 30.5 | Z9: 25 | AA9: 359.1
A10: Mpk | B10: =IF(D6="E",6*SIN(B5*PI()/180)/(3+SIN(B5*PI()/180)),6*SIN(B5*PI()/180)/(3-SIN(B5*PI()/180))) -> 1.3825966 | C10: Mcv | D10: =IF(D6="E",6*SIN(D9*PI()/180)/(3+SIN(D9*PI()/180)),6*SIN(D9*PI()/180)/(3-SIN(D9*PI()/180))) -> 1.2217761 | Z10: 51 | AA10: 392
A11: Fibre Properties | Z11: 300kpa
A12: Pf (%) | C12: 0.5 | D12:  (n/(1+n)) | E12: =K49/(1+K49) -> 0.5 | Z12: 25 | AA12: 524.5
A13: ss | C13: 26.57 | D13:  | E13: =LN(0.5)/LN(E12) -> 1 | Z13: 51 | AA13: 576
A14: sf | C14: 9.1
A15: s | C15: =1/(C12/100/C14+(1-C12/100)/C13) -> 26.317382
A16: sf/s | C16: =C14/C15 -> 0.34577907
A17: aff | C17: =IF(C22=51,2.1,IF(C22=25,1.4,0.8)) -> 2.1
A18: Eufibras (MPa) | C18: 910
A19: νf | C19: 0.25
A20: Tensile strength (MPa) | C20: 225
A21: Ve | C21: =((1-C$12/100)/$C$13)/((1-C$12/100)/$C$13+(C12/100)/10) -> 0.98682416
A22: L (mm) | C22: 51 | E22: 0.61242642 | F22: 0.61079769 | G22: 0.61145784 | H22: 50
E23: 0.606 | F23: 0.6092393 | G23: 0.60643635 | H23: 100
E24: 0.603 | F24: 0.60850339 | G24: 0.61086262 | H24: 200
E25: 0.596 | F25: 0.60781077 | G25: 0.60780536 | H25: 300
A26: e (void ratio after consolidation) | C26: =IF(C12=0,IF(D3=50,G22,IF(D3=100,G23,IF(D3=200,G24,G25))),IF(C22=25,IF(D3=50,F22,IF(D3=100,F23,IF(D3=200,F24,F25))),IF(D3=50,E22,IF(D3=100,E23,IF(D3=200,E24,E25))))) -> 0.603 | E26: Pf=0,5% | F26: Pf=0,5% | G26: Sem fibras
A27: ad | C27: 6 | E27: L = 51 mm | F27: L = 25 mm
J49: n | K49: 1
J50: ng2 | K50: 1
J51: nx1 | K51: =K49 -> 1
J52: nx2 | K52: =K49 -> 1 | S52: ε
K53: 0
A57: p | B57: q | C57: ffibres | D57: qfibres | E57: Vf | F57: Gp | G57: Gf | H57: εspe | I57: εsfe | J57: qp | K57: po | L57: λ | M57: εvp1 | N57: εvp2 | P57: εvpe | Q57: εvp | R57: v(paste) | S57: v(MSW) | T57: εv | U57: εspp | V57: εs | W57: εa(MSW) | Z57: q/p’ | AA57: vcritico (paste) | AC57: M | AE57: λbarra | AF57: εa | AG57: q | AH57: εv
A58: =D3 -> 200 | B58: =$D$4+(A58-$D$3)*$D$5 -> 0 | C58: 0 | D58: 0 | E58: =(1/$C$16)*($C$12/100)/S58 -> 0.009065581 | F58: =3*(1-2*$B$9)*(A59+A58)/(4*(1+$B$9)*$B$4) -> 30453.804 | G58: =$C$18*$C$17*(A58+100)/100/(2*(1+$C$19))*1000 -> 2293200 | H58: 0 | I58: 0 | J58: 0 | K58: =$B$6 -> 200 | L58: 0 | M58: 0 | N58: 0 | P58: 0 | Q58: =M58+N58 -> 0 | R58: =B7 -> 1.603 | S58: =$C$21*(R58-1)+1 -> 1.595055 | T58: 0 | U58: 0 | V58: 0 | W58: 0 | X58: =IF(D$6="E",-B58,B58) -> 0 | Y58: =IF(D$6="E",-J58,J58) -> 0 | Z58: =J58/A58 -> 0 | AA58: =B$8/A58^B$3*((1+K$49)/K$49)^-B$3 -> 1.6776996 | AB58: =(R58-AA58) -> -0.074699588 | AC58: =B$10 -> 1.3825966 | AD58: =IF(K58>K57,(1-A58/K58)/((J58+0.01)/A58/$B$10)^(1+K$49)+A58/K58+0.01,(1-A58/K58)/((J58+0.01)/A58/$D$10)^(1+K$49)+A58/K58+0.01) -> 1.01 | AE58: =IF(ABS(-LN(1-(R58-AA58)/R58)/LN(AD58))<1.2*B$3,1.2*SIGN(-LN(1-(R58-AA58)/R58)/LN(AD58))*B$3,-LN(1-(R58-AA58)/R58)/LN(AD58)) -> -4.5774044 | AF58: =W58 -> 0 | AG58: =IF(D$6="E",-B58,IF(D$6="T",-B58,B58)) -> 0 | AH58: =T58 -> 0
A59: =$A58+($D$7-$D$3)/800 -> 200.25 | B59: =$D$4+(A59-$D$3)*$D$5 -> 0.75 | C59: =2/PI()*(ATAN((B59/A59)^2))/(1+C$12/C$14*10*(100/A58)^0.5) -> 6.4313981e-06 | D59: =3*G58*(I59-I58)+D58 -> 0 | E59: =(1/$C$16)*($C$12/100)/S59 -> 0.0090657423 | F59: =3*(1-2*$B$9)*(A60+A59)/(4*(1+$B$9)*$B$4) -> 30510.775 | G59: =$C$18*$C$17*(A59+100)/100/(2*(1+$C$19))*1000 -> 2295111 | H59: =(B59-B58)/(3*(1-E58)*F58+3*C58*E58*G58)+H58 -> 8.2842566e-06 | I59: =C58*(H59-H58)+I58 -> 0 | J59: =J58+3*(H59-H58)*F58 -> 0.75686139 | K59: =IF(J59<$B$10*(A58^$K$49*(MAX(K$58)-A58))^(1/(1+$K$49))*($K$49^(1/(1+$K$49))),IF(J59/A59>D$10,IF(MAX(J$58)<0.99*$B$10*(A58^$K$49*(K58-A58))^(1/(1+$K$49))*($K$49^(1/(1+$K$49))),MAX(K$58),((J59/$B$10)^(1+$K$49)/(A59^($K$49)*$K$49))+A59),MAX(K$58)),((J59/$B$10)^(1+$K$49)/(A59^($K$49)*$K$49))+A59) -> 200.2515 | L59: =IF(K59<K58,AE58*(MAX(Z$58)-J58/A58)/(J58/A58/D$10-1)/(1+1*(MAX(Z$58)-J58/A58)/(J58/A58/D$10-1))+B$3-B$4,AE58*(J59/A59/B$10)/(C$27+J59/A59/B$10)) -> -0.0020845799 | M59: =M58+L59*2*(K59-K58)/(K58+K59) -> -2.6196753e-06 | N59: =N58+(B$3-B$4)*2*(K59-K58)/(K58+K59) -> 1.3069599e-05 | P59: =P58+$B$4*2*(A59-A58)/(A59+A58) -> 7.4953154e-06 | Q59: =M59+N59 -> 1.0449924e-05 | R59: =R58-(Q59-Q58+P59-P58)*R58 -> 1.6029712 | S59: =$C$21*(R59-1)+1 -> 1.5950266 | T59: =-(S59-S58)/S58+T58 -> 1.7797004e-05 | U59: =(N59-N58)/(K$49/(1+K$49)*(AC59^(1+K$49)-(J59/A59)^(1+K$49))/(J59/A59)^K$49)*K$50+U58 -> 5.1683075e-08 | V59: =IF(D$6="E",-IF(K58=$B$6,-V58+(H59-H58)*(1-E58)+(I59-I58)*E58,-V58+(H59-H58)*(1-E58)+(I59-I58)*E58+(U59-U58)*(1-E58)),IF(K58=$B$6,V58+(H59-H58)*(1-E58)+(I59-I58)*E58,V58+(H59-H58)*(1-E58)+(I59-I58)*E58+(U59-U58)*(1-E58))) -> 8.209155e-06 | W59: =T59/3+V59 -> 1.414149e-05 | X59: =IF(D$6="E",-B59,B59) -> 0.75 | Y59: =IF(D$6="E",-J59,J59) -> 0.75686139 | Z59: =J59/A59 -> 0.0037795825 | AA59: =B$8/A59^B$3*((1+K$49)/K$49)^-B$3 -> 1.6776652 | AB59: =(R59-AA59) -> -0.074693983 | AC59: =IF(R$58>=AA$58,B$10,IF(K59<K58,(Z59-D$10)*(1+1.25*(D$10-Z59)/MAX(Z$58:Z59)*B$10)+D$10,B$10)) -> 1.3825966 | AD59: =IF(K59>K58,(1-A59/K59)/((J59+0.01)/A59/$B$10)^(1+K$49)+A59/K59+0.01,(1-A59/K59)/((J59+0.01)/A59/$D$10)^(1+K$49)+A59/K59+0.01) -> 1.984075 | AE59: =IF(ABS(-LN(1-(R59-AA59)/R59)/LN(AD59))<1.2*B$3,1.2*SIGN(-LN(1-(R59-AA59)/R59)/LN(AD59))*B$3,-LN(1-(R59-AA59)/R59)/LN(AD59)) -> -0.066472978 | AF59: =W59 -> 1.414149e-05 | AG59: =IF(D$6="E",-B59,IF(D$6="T",-B59,B59)) -> 0.75 | AH59: =T59 -> 1.7797004e-05
A60: =IF(J59/A59<=0.99*$B$10,IF(A59>A58,IF(D$5>0,$A59+($D$7-$D$3)/401,IF(J59/A59>1.01*D$10,A59-($D$7-$D$3)/401,A59)),IF(D$5<0,$A59+($D$7-$D$3)/401,IF(J59/A59>1.01*D$10,A59-($D$7-$D$3)/401,A59))),IF(K59>$B$6,IF(B$10>D$10,IF(J59/A59>1.01*D$10,A59-($D$7-$D$3)/401,A59),A59),IF(MAX(J$58:J59)<0.99*$B$10*(A59^$K$49*(K59-A59))^(1/(1+$K$49))*($K$49^(1/(1+$K$49))),$A59+($D$7-$D$3)/401,IF(J59/A59>1.01*$D$10,$A59-($D$7-$D$3)/401,A59)))) -> 200.74875 | B60: =$D$4+(A60-$D$3)*$D$5 -> 2.2462594 | C60: =2/PI()*(ATAN((B60/A60)^2))/(1+C$12/C$14*10*(100/A59)^0.5) -> 5.741401e-05 | D60: =3*G59*(I60-I59)+D59 -> 0.00073049285 | E60: =(1/$C$16)*($C$12/100)/S60 -> 0.0090661126 | F60: =3*(1-2*$B$9)*(A61+A60)/(4*(1+$B$9)*$B$4) -> 30586.672 | G60: =$C$18*$C$17*(A60+100)/100/(2*(1+$C$19))*1000 -> 2298923.5 | H60: =(B60-B59)/(3*(1-E59)*F59+3*C59*E59*G59)+H59 -> 2.4780522e-05 | I60: =C59*(H60-H59)+I59 -> 1.0609405e-10 | J60: =J59+3*(H60-H59)*F59 -> 2.2668029 | K60: =IF(J60<$B$10*(A59^$K$49*(MAX(K$58:K59)-A59))^(1/(1+$K$49))*($K$49^(1/(1+$K$49))),IF(J60/A60>D$10,IF(MAX(J$58:J59)<0.99*$B$10*(A59^$K$49*(K59-A59))^(1/(1+$K$49))*($K$49^(1/(1+$K$49))),MAX(K$58:K59),((J60/$B$10)^(1+$K$49)/(A60^($K$49)*$K$49))+A60),MAX(K$58:K59)),((J60/$B$10)^(1+$K$49)/(A60^($K$49)*$K$49))+A60) -> 200.76214 | L60: =IF(K60<K59,AE59*(MAX(Z$58:Z59)-J59/A59)/(J59/A59/D$10-1)/(1+1*(MAX(Z$58:Z59)-J59/A59)/(J59/A59/D$10-1))+B$3-B$4,AE59*(J60/A60/B$10)/(C$27+J60/A60/B$10)) -> -9.0358401e-05 | M60: =M59+L60*2*(K60-K59)/(K59+K60) -> -2.8497983e-06 | N60: =N59+(B$3-B$4)*2*(K60-K59)/(K59+K60) -> 3.955611e-05 | P60: =P59+$B$4*2*(A60-A59)/(A60+A59) -> 2.2420642e-05 | Q60: =M60+N60 -> 3.6706312e-05 | R60: =R59-(Q60-Q59+P60-P59)*R59 -> 1.6029052 | S60: =$C$21*(R60-1)+1 -> 1.5949614 | T60: =-(S60-S59)/S59+T59 -> 5.8638534e-05 | U60: =(N60-N59)/(K$49/(1+K$49)*(AC60^(1+K$49)-(J60/A60)^(1+K$49))/(J60/A60)^K$49)*K$50+U59 -> 3.646177e-07 | V60: =IF(D$6="E",-IF(K59=$B$6,-V59+(H60-H59)*(1-E59)+(I60-I59)*E59,-V59+(H60-H59)*(1-E59)+(I60-I59)*E59+(U60-U59)*(1-E59)),IF(K59=$B$6,V59+(H60-H59)*(1-E59)+(I60-I59)*E59,V59+(H60-H59)*(1-E59)+(I60-I59)*E59+(U60-U59)*(1-E59))) -> 2.4865968e-05 | W60: =T60/3+V60 -> 4.4412146e-05 | X60: =IF(D$6="E",-B60,B60) -> 2.2462594 | Y60: =IF(D$6="E",-J60,J60) -> 2.2668029 | Z60: =J60/A60 -> 0.011291741 | AA60: =B$8/A60^B$3*((1+K$49)/K$49)^-B$3 -> 1.6775968 | AB60: =(R60-AA60) -> -0.074691556 | AC60: =IF(R$58>=AA$58,B$10,IF(K60<K59,(Z60-D$10)*(1+1.25*(D$10-Z60)/MAX(Z$58:Z60)*B$10)+D$10,B$10)) -> 1.3825966 | AD60: =IF(K60>K59,(1-A60/K60)/((J60+0.01)/A60/$B$10)^(1+K$49)+A60/K60+0.01,(1-A60/K60)/((J60+0.01)/A60/$D$10)^(1+K$49)+A60/K60+0.01) -> 2.0011022 | AE60: =IF(ABS(-LN(1-(R60-AA60)/R60)/LN(AD60))<1.2*B$3,1.2*SIGN(-LN(1-(R60-AA60)/R60)/LN(AD60))*B$3,-LN(1-(R60-AA60)/R60)/LN(AD60)) -> -0.065654685 | AF60: =W60 -> 4.4412146e-05 | AG60: =IF(D$6="E",-B60,IF(D$6="T",-B60,B60)) -> 2.2462594 | AH60: =T60 -> 5.8638534e-05
A61: =IF(J60/A60<=0.99*$B$10,IF(A60>A59,IF(D$5>0,$A60+($D$7-$D$3)/401,IF(J60/A60>1.01*D$10,A60-($D$7-$D$3)/401,A60)),IF(D$5<0,$A60+($D$7-$D$3)/401,IF(J60/A60>1.01*D$10,A60-($D$7-$D$3)/401,A60))),IF(K60>$B$6,IF(B$10>D$10,IF(J60/A60>1.01*D$10,A60-($D$7-$D$3)/401,A60),A60),IF(MAX(J$58:J60)<0.99*$B$10*(A60^$K$49*(K60-A60))^(1/(1+$K$49))*($K$49^(1/(1+$K$49))),$A60+($D$7-$D$3)/401,IF(J60/A60>1.01*$D$10,$A60-($D$7-$D$3)/401,A60)))) -> 201.24751 | B61: =$D$4+(A61-$D$3)*$D$5 -> 3.7425187 | C61: =2/PI()*(ATAN((B61/A61)^2))/(1+C$12/C$14*10*(100/A60)^0.5) -> 0.0001586433 | D61: =3*G60*(I61-I60)+D60 -> 0.007246105 | E61: =(1/$C$16)*($C$12/100)/S61 -> 0.0090664861 | F61: =3*(1-2*$B$9)*(A62+A61)/(4*(1+$B$9)*$B$4) -> 30662.569 | G61: =$C$18*$C$17*(A61+100)/100/(2*(1+$C$19))*1000 -> 2302735.9 | H61: =(B61-B60)/(3*(1-E60)*F60+3*C60*E60*G60)+H60 -> 4.1235282e-05 | I61: =C60*(H61-H60)+I60 -> 1.0508279e-09 | J61: =J60+3*(H61-H60)*F60 -> 3.776692 | K61: =IF(J61<$B$10*(A60^$K$49*(MAX(K$58:K60)-A60))^(1/(1+$K$49))*($K$49^(1/(1+$K$49))),IF(J61/A61>D$10,IF(MAX(J$58:J60)<0.99*$B$10*(A60^$K$49*(K60-A60))^(1/(1+$K$49))*($K$49^(1/(1+$K$49))),MAX(K$58:K60),((J61/$B$10)^(1+$K$49)/(A61^($K$49)*$K$49))+A61),MAX(K$58:K60)),((J61/$B$10)^(1+$K$49)/(A61^($K$49)*$K$49))+A61) -> 201.28458 | L61: =IF(K61<K60,AE60*(MAX(Z$58:Z60)-J60/A60)/(J60/A60/D$10-1)/(1+1*(MAX(Z$58:Z60)-J60/A60)/(J60/A60/D$10-1))+B$3-B$4,AE60*(J61/A61/B$10)/(C$27+J61/A61/B$10)) -> -0.00014818992 | M61: =M60+L61*2*(K61-K60)/(K60+K61) -> -3.2349292e-06 | N61: =N60+(B$3-B$4)*2*(K61-K60)/(K60+K61) -> 6.6584678e-05 | P61: =P60+$B$4*2*(A61-A60)/(A61+A60) -> 3.7308933e-05 | Q61: =M61+N61 -> 6.3349749e-05 | R61: =R60-(Q61-Q60+P61-P60)*R60 -> 1.6028386 | S61: =$C$21*(R61-1)+1 -> 1.5948957 | T61: =-(S61-S60)/S60+T60 -> 9.9827172e-05 | U61: =(N61-N60)/(K$49/(1+K$49)*(AC61^(1+K$49)-(J61/A61)^(1+K$49))/(J61/A61)^K$49)*K$50+U60 -> 8.9540817e-07 | V61: =IF(D$6="E",-IF(K60=$B$6,-V60+(H61-H60)*(1-E60)+(I61-I60)*E60,-V60+(H61-H60)*(1-E60)+(I61-I60)*E60+(U61-U60)*(1-E60)),IF(K60=$B$6,V60+(H61-H60)*(1-E60)+(I61-I60)*E60,V60+(H61-H60)*(1-E60)+(I61-I60)*E60+(U61-U60)*(1-E60))) -> 4.1697535e-05 | W61: =T61/3+V61 -> 7.4973259e-05 | X61: =IF(D$6="E",-B61,B61) -> 3.7425187 | Y61: =IF(D$6="E",-J61,J61) -> 3.776692 | Z61: =J61/A61 -> 0.018766404 | AA61: =B$8/A61^B$3*((1+K$49)/K$49)^-B$3 -> 1.6775285 | AB61: =(R61-AA61) -> -0.074689859 | AC61: =IF(R$58>=AA$58,B$10,IF(K61<K60,(Z61-D$10)*(1+1.25*(D$10-Z61)/MAX(Z$58:Z61)*B$10)+D$10,B$10)) -> 1.3825966 | AD61: =IF(K61>K60,(1-A61/K61)/((J61+0.01)/A61/$B$10)^(1+K$49)+A61/K61+0.01,(1-A61/K61)/((J61+0.01)/A61/$D$10)^(1+K$49)+A61/K61+0.01) -> 2.0043579 | AE61: =IF(ABS(-LN(1-(R61-AA61)/R61)/LN(AD61))<1.2*B$3,1.2*SIGN(-LN(1-(R61-AA61)/R61)/LN(AD61))*B$3,-LN(1-(R61-AA61)/R61)/LN(AD61)) -> -0.065502395 | AF61: =W61 -> 7.4973259e-05 | AG61: =IF(D$6="E",-B61,IF(D$6="T",-B61,B61)) -> 3.7425187 | AH61: =T61 -> 9.9827172e-05
A62: =IF(J61/A61<=0.99*$B$10,IF(A61>A60,IF(D$5>0,$A61+($D$7-$D$3)/401,IF(J61/A61>1.01*D$10,A61-($D$7-$D$3)/401,A61)),IF(D$5<0,$A61+($D$7-$D$3)/401,IF(J61/A61>1.01*D$10,A61-($D$7-$D$3)/401,A61))),IF(K61>$B$6,IF(B$10>D$10,IF(J61/A61>1.01*D$10,A61-($D$7-$D$3)/401,A61),A61),IF(MAX(J$58:J61)<0.99*$B$10*(A61^$K$49*(K61-A61))^(1/(1+$K$49))*($K$49^(1/(1+$K$49))),$A61+($D$7-$D$3)/401,IF(J61/A61>1.01*$D$10,$A61-($D$7-$D$3)/401,A61)))) -> 201.74626 | B62: =$D$4+(A62-$D$3)*$D$5 -> 5.2387781 | C62: =2/PI()*(ATAN((B62/A62)^2))/(1+C$12/C$14*10*(100/A61)^0.5) -> 0.00030942419 | D62: =3*G61*(I62-I61)+D61 -> 0.025233669 | E62: =(1/$C$16)*($C$12/100)/S62 -> 0.0090668625 | F62: =3*(1-2*$B$9)*(A63+A62)/(4*(1+$B$9)*$B$4) -> 30738.466 | G62: =$C$18*$C$17*(A62+100)/100/(2*(1+$C$19))*1000 -> 2306548.4 | H62: =(B62-B61)/(3*(1-E61)*F61+3*C61*E61*G61)+H61 -> 5.7648179e-05 | I62: =C61*(H62-H61)+I61 -> 3.6546239e-09 | J62: =J61+3*(H62-H61)*F61 -> 5.2864767 | K62: =IF(J62<$B$10*(A61^$K$49*(MAX(K$58:K61)-A61))^(1/(1+$K$49))*($K$49^(1/(1+$K$49))),IF(J62/A62>D$10,IF(MAX(J$58:J61)<0.99*$B$10*(A61^$K$49*(K61-A61))^(1/(1+$K$49))*($K$49^(1/(1+$K$49))),MAX(K$58:K61),((J62/$B$10)^(1+$K$49)/(A62^($K$49)*$K$49))+A62),MAX(K$58:K61)),((J62/$B$10)^(1+$K$49)/(A62^($K$49)*$K$49))+A62) -> 201.81873 | L62: =IF(K62<K61,AE61*(MAX(Z$58:Z61)-J61/A61)/(J61/A61/D$10-1)/(1+1*(MAX(Z$58:Z61)-J61/A61)/(J61/A61/D$10-1))+B$3-B$4,AE61*(J62/A62/B$10)/(C$27+J62/A62/B$10)) -> -0.00020625363 | M62: =M61+L62*2*(K62-K61)/(K61+K62) -> -3.7815328e-06 | N62: =N61+(B$3-B$4)*2*(K62-K61)/(K61+K62) -> 9.4146267e-05 | P62: =P61+$B$4*2*(A62-A61)/(A62+A61) -> 5.2160373e-05 | Q62: =M62+N62 -> 9.0364734e-05 | R62: =R61-(Q62-Q61+P62-P61)*R61 -> 1.6027715 | S62: =$C$21*(R62-1)+1 -> 1.5948295 | T62: =-(S62-S61)/S61+T61 -> 0.00014134773 | U62: =(N62-N61)/(K$49/(1+K$49)*(AC62^(1+K$49)-(J62/A62)^(1+K$49))/(J62/A62)^K$49)*K$50+U61 -> 1.6513008e-06 | V62: =IF(D$6="E",-IF(K61=$B$6,-V61+(H62-H61)*(1-E61)+(I62-I61)*E61,-V61+(H62-H61)*(1-E61)+(I62-I61)*E61+(U62-U61)*(1-E61)),IF(K61=$B$6,V61+(H62-H61)*(1-E61)+(I62-I61)*E61,V61+(H62-H61)*(1-E61)+(I62-I61)*E61+(U62-U61)*(1-E61))) -> 5.8710687e-05 | W62: =T62/3+V62 -> 0.0001058266 | X62: =IF(D$6="E",-B62,B62) -> 5.2387781 | Y62: =IF(D$6="E",-J62,J62) -> 5.2864767 | Z62: =J62/A62 -> 0.026203592 | AA62: =B$8/A62^B$3*((1+K$49)/K$49)^-B$3 -> 1.6774604 | AB62: =(R62-AA62) -> -0.074688868 | AC62: =IF(R$58>=AA$58,B$10,IF(K62<K61,(Z62-D$10)*(1+1.25*(D$10-Z62)/MAX(Z$58:Z62)*B$10)+D$10,B$10)) -> 1.3825966 | AD62: =IF(K62>K61,(1-A62/K62)/((J62+0.01)/A62/$B$10)^(1+K$49)+A62/K62+0.01,(1-A62/K62)/((J62+0.01)/A62/$D$10)^(1+K$49)+A62/K62+0.01) -> 2.0055107 | AE62: =IF(ABS(-LN(1-(R62-AA62)/R62)/LN(AD62))<1.2*B$3,1.2*SIGN(-LN(1-(R62-AA62)/R62)/LN(AD62))*B$3,-LN(1-(R62-AA62)/R62)/LN(AD62)) -> -0.065450104 | AF62: =W62 -> 0.0001058266 | AG62: =IF(D$6="E",-B62,IF(D$6="T",-B62,B62)) -> 5.2387781 | AH62: =T62 -> 0.00014134773
A63: =IF(J62/A62<=0.99*$B$10,IF(A62>A61,IF(D$5>0,$A62+($D$7-$D$3)/401,IF(J62/A62>1.01*D$10,A62-($D$7-$D$3)/401,A62)),IF(D$5<0,$A62+($D$7-$D$3)/401,IF(J62/A62>1.01*D$10,A62-($D$7-$D$3)/401,A62))),IF(K62>$B$6,IF(B$10>D$10,IF(J62/A62>1.01*D$10,A62-($D$7-$D$3)/401,A62),A62),IF(MAX(J$58:J62)<0.99*$B$10*(A62^$K$49*(K62-A62))^(1/(1+$K$49))*($K$49^(1/(1+$K$49))),$A62+($D$7-$D$3)/401,IF(J62/A62>1.01*$D$10,$A62-($D$7-$D$3)/401,A62)))) -> 202.24501 | B63: =$D$4+(A63-$D$3)*$D$5 -> 6.7350374 | C63: =2/PI()*(ATAN((B63/A63)^2))/(1+C$12/C$14*10*(100/A62)^0.5) -> 0.00050907235 | D63: =3*G62*(I63-I62)+D62 -> 0.060285032 | E63: =(1/$C$16)*($C$12/100)/S63 -> 0.0090672419 | F63: =3*(1-2*$B$9)*(A64+A63)/(4*(1+$B$9)*$B$4) -> 30814.364 | G63: =$C$18*$C$17*(A63+100)/100/(2*(1+$C$19))*1000 -> 2310360.9 | H63: =(B63-B62)/(3*(1-E62)*F62+3*C62*E62*G62)+H62 -> 7.4018863e-05 | I63: =C62*(H63-H62)+I62 -> 8.7201095e-09 | J63: =J62+3*(H63-H62)*F62 -> 6.7961058 | K63: =IF(J63<$B$10*(A62^$K$49*(MAX(K$58:K62)-A62))^(1/(1+$K$49))*($K$49^(1/(1+$K$49))),IF(J63/A63>D$10,IF(MAX(J$58:J62)<0.99*$B$10*(A62^$K$49*(K62-A62))^(1/(1+$K$49))*($K$49^(1/(1+$K$49))),MAX(K$58:K62),((J63/$B$10)^(1+$K$49)/(A63^($K$49)*$K$49))+A63),MAX(K$58:K62)),((J63/$B$10)^(1+$K$49)/(A63^($K$49)*$K$49))+A63) -> 202.36448 | L63: =IF(K63<K62,AE62*(MAX(Z$58:Z62)-J62/A62)/(J62/A62/D$10-1)/(1+1*(MAX(Z$58:Z62)-J62/A62)/(J62/A62/D$10-1))+B$3-B$4,AE62*(J63/A63/B$10)/(C$27+J63/A63/B$10)) -> -0.00026405247 | M63: =M62+L63*2*(K63-K62)/(K62+K63) -> -4.4946149e-06 | N63: =N62+(B$3-B$4)*2*(K63-K62)/(K62+K63) -> 0.0001222318 | P63: =P62+$B$4*2*(A63-A62)/(A63+A62) -> 6.6975142e-05 | Q63: =M63+N63 -> 0.00011773718 | R63: =R62-(Q63-Q62+P63-P62)*R62 -> 1.6027039 | S63: =$C$21*(R63-1)+1 -> 1.5947628 | T63: =-(S63-S62)/S62+T62 -> 0.00018318641 | U63: =(N63-N62)/(K$49/(1+K$49)*(AC63^(1+K$49)-(J63/A63)^(1+K$49))/(J63/A63)^K$49)*K$50+U62 -> 2.639309e-06 | V63: =IF(D$6="E",-IF(K62=$B$6,-V62+(H63-H62)*(1-E62)+(I63-I62)*E62,-V62+(H63-H62)*(1-E62)+(I63-I62)*E62+(U63-U62)*(1-E62)),IF(K62=$B$6,V62+(H63-H62)*(1-E62)+(I63-I62)*E62,V62+(H63-H62)*(1-E62)+(I63-I62)*E62+(U63-U62)*(1-E62))) -> 7.5912036e-05 | W63: =T63/3+V63 -> 0.00013697417 | X63: =IF(D$6="E",-B63,B63) -> 6.7350374 | Y63: =IF(D$6="E",-J63,J63) -> 6.7961058 | Z63: =J63/A63 -> 0.03360333 | AA63: =B$8/A63^B$3*((1+K$49)/K$49)^-B$3 -> 1.6773925 | AB63: =(R63-AA63) -> -0.074688559 | AC63: =IF(R$58>=AA$58,B$10,IF(K63<K62,(Z63-D$10)*(1+1.25*(D$10-Z63)/MAX(Z$58:Z63)*B$10)+D$10,B$10)) -> 1.3825966 | AD63: =IF(K63>K62,(1-A63/K63)/((J63+0.01)/A63/$B$10)^(1+K$49)+A63/K63+0.01,(1-A63/K63)/((J63+0.01)/A63/$D$10)^(1+K$49)+A63/K63+0.01) -> 2.0058846 | AE63: =IF(ABS(-LN(1-(R63-AA63)/R63)/LN(AD63))<1.2*B$3,1.2*SIGN(-LN(1-(R63-AA63)/R63)/LN(AD63))*B$3,-LN(1-(R63-AA63)/R63)/LN(AD63)) -> -0.065435008 | AF63: =W63 -> 0.00013697417 | AG63: =IF(D$6="E",-B63,IF(D$6="T",-B63,B63)) -> 6.7350374 | AH63: =T63 -> 0.00018318641
A64: =IF(J63/A63<=0.99*$B$10,IF(A63>A62,IF(D$5>0,$A63+($D$7-$D$3)/401,IF(J63/A63>1.01*D$10,A63-($D$7-$D$3)/401,A63)),IF(D$5<0,$A63+($D$7-$D$3)/401,IF(J63/A63>1.01*D$10,A63-($D$7-$D$3)/401,A63))),IF(K63>$B$6,IF(B$10>D$10,IF(J63/A63>1.01*D$10,A63-($D$7-$D$3)/401,A63),A63),IF(MAX(J$58:J63)<0.99*$B$10*(A63^$K$49*(K63-A63))^(1/(1+$K$49))*($K$49^(1/(1+$K$49))),$A63+($D$7-$D$3)/401,IF(J63/A63>1.01*$D$10,$A63-($D$7-$D$3)/401,A63)))) -> 202.74377 | B64: =$D$4+(A64-$D$3)*$D$5 -> 8.2312968 | C64: =2/PI()*(ATAN((B64/A64)^2))/(1+C$12/C$14*10*(100/A63)^0.5) -> 0.00075691288 | D64: =3*G63*(I64-I63)+D63 -> 0.11789759 | E64: =(1/$C$16)*($C$12/100)/S64 -> 0.009067624 | F64: =3*(1-2*$B$9)*(A65+A64)/(4*(1+$B$9)*$B$4) -> 30890.261 | G64: =$C$18*$C$17*(A64+100)/100/(2*(1+$C$19))*1000 -> 2314173.3 | H64: =(B64-B63)/(3*(1-E63)*F63+3*C63*E63*G63)+H63 -> 9.0346998e-05 | I64: =C63*(H64-H63)+I63 -> 1.7032311e-08 | J64: =J63+3*(H64-H63)*F63 -> 8.3055291 | K64: =IF(J64<$B$10*(A63^$K$49*(MAX(K$58:K63)-A63))^(1/(1+$K$49))*($K$49^(1/(1+$K$49))),IF(J64/A64>D$10,IF(MAX(J$58:J63)<0.99*$B$10*(A63^$K$49*(K63-A63))^(1/(1+$K$49))*($K$49^(1/(1+$K$49))),MAX(K$58:K63),((J64/$B$10)^(1+$K$49)/(A64^($K$49)*$K$49))+A64),MAX(K$58:K63)),((J64/$B$10)^(1+$K$49)/(A64^($K$49)*$K$49))+A64) -> 202.92176 | L64: =IF(K64<K63,AE63*(MAX(Z$58:Z63)-J63/A63)/(J63/A63/D$10-1)/(1+1*(MAX(Z$58:Z63)-J63/A63)/(J63/A63/D$10-1))+B$3-B$4,AE63*(J64/A64/B$10)/(C$27+J64/A64/B$10)) -> -0.00032154653 | M64: =M63+L64*2*(K64-K63)/(K63+K64) -> -5.3788786e-06 | N64: =N63+(B$3-B$4)*2*(K64-K63)/(K63+K64) -> 0.00015083214 | P64: =P63+$B$4*2*(A64-A63)/(A64+A63) -> 8.1753421e-05 | Q64: =M64+N64 -> 0.00014545327 | R64: =R63-(Q64-Q63+P64-P63)*R63 -> 1.6026358 | S64: =$C$21*(R64-1)+1 -> 1.5946956 | T64: =-(S64-S63)/S63+T63 -> 0.00022532969 | U64: =(N64-N63)/(K$49/(1+K$49)*(AC64^(1+K$49)-(J64/A64)^(1+K$49))/(J64/A64)^K$49)*K$50+U63 -> 3.8662157e-06 | V64: =IF(D$6="E",-IF(K63=$B$6,-V63+(H64-H63)*(1-E63)+(I64-I63)*E63,-V63+(H64-H63)*(1-E63)+(I64-I63)*E63+(U64-U63)*(1-E63)),IF(K63=$B$6,V63+(H64-H63)*(1-E63)+(I64-I63)*E63,V63+(H64-H63)*(1-E63)+(I64-I63)*E63+(U64-U63)*(1-E63))) -> 9.3307977e-05 | W64: =T64/3+V64 -> 0.00016841787 | X64: =IF(D$6="E",-B64,B64) -> 8.2312968 | Y64: =IF(D$6="E",-J64,J64) -> 8.3055291 | Z64: =J64/A64 -> 0.040965645 | AA64: =B$8/A64^B$3*((1+K$49)/K$49)^-B$3 -> 1.6773247 | AB64: =(R64-AA64) -> -0.07468891 | AC64: =IF(R$58>=AA$58,B$10,IF(K64<K63,(Z64-D$10)*(1+1.25*(D$10-Z64)/MAX(Z$58:Z64)*B$10)+D$10,B$10)) -> 1.3825966 | AD64: =IF(K64>K63,(1-A64/K64)/((J64+0.01)/A64/$B$10)^(1+K$49)+A64/K64+0.01,(1-A64/K64)/((J64+0.01)/A64/$D$10)^(1+K$49)+A64/K64+0.01) -> 2.0058441 | AE64: =IF(ABS(-LN(1-(R64-AA64)/R64)/LN(AD64))<1.2*B$3,1.2*SIGN(-LN(1-(R64-AA64)/R64)/LN(AD64))*B$3,-LN(1-(R64-AA64)/R64)/LN(AD64)) -> -0.065439924 | AF64: =W64 -> 0.00016841787 | AG64: =IF(D$6="E",-B64,IF(D$6="T",-B64,B64)) -> 8.2312968 | AH64: =T64 -> 0.00022532969
A65: =IF(J64/A64<=0.99*$B$10,IF(A64>A63,IF(D$5>0,$A64+($D$7-$D$3)/401,IF(J64/A64>1.01*D$10,A64-($D$7-$D$3)/401,A64)),IF(D$5<0,$A64+($D$7-$D$3)/401,IF(J64/A64>1.01*D$10,A64-($D$7-$D$3)/401,A64))),IF(K64>$B$6,IF(B$10>D$10,IF(J64/A64>1.01*D$10,A64-($D$7-$D$3)/401,A64),A64),IF(MAX(J$58:J64)<0.99*$B$10*(A64^$K$49*(K64-A64))^(1/(1+$K$49))*($K$49^(1/(1+$K$49))),$A64+($D$7-$D$3)/401,IF(J64/A64>1.01*$D$10,$A64-($D$7-$D$3)/401,A64)))) -> 203.24252 | B65: =$D$4+(A65-$D$3)*$D$5 -> 9.7275561 | C65: =2/PI()*(ATAN((B65/A65)^2))/(1+C$12/C$14*10*(100/A64)^0.5) -> 0.0010522801 | D65: =3*G64*(I65-I64)+D64 -> 0.20347473 | E65: =(1/$C$16)*($C$12/100)/S65 -> 0.0090680088 | F65: =3*(1-2*$B$9)*(A66+A65)/(4*(1+$B$9)*$B$4) -> 30966.158 | G65: =$C$18*$C$17*(A65+100)/100/(2*(1+$C$19))*1000 -> 2317985.8 | H65: =(B65-B64)/(3*(1-E64)*F64+3*C64*E64*G64)+H64 -> 0.00010663226 | I65: =C64*(H65-H64)+I64 -> 2.9358836e-08 | J65: =J64+3*(H65-H64)*F64 -> 9.814697 | K65: =IF(J65<$B$10*(A64^$K$49*(MAX(K$58:K64)-A64))^(1/(1+$K$49))*($K$49^(1/(1+$K$49))),IF(J65/A65>D$10,IF(MAX(J$58:J64)<0.99*$B$10*(A64^$K$49*(K64-A64))^(1/(1+$K$49))*($K$49^(1/(1+$K$49))),MAX(K$58:K64),((J65/$B$10)^(1+$K$49)/(A65^($K$49)*$K$49))+A65),MAX(K$58:K64)),((J65/$B$10)^(1+$K$49)/(A65^($K$49)*$K$49))+A65) -> 203.49046 | L65: =IF(K65<K64,AE64*(MAX(Z$58:Z64)-J64/A64)/(J64/A64/D$10-1)/(1+1*(MAX(Z$58:Z64)-J64/A64)/(J64/A64/D$10-1))+B$3-B$4,AE64*(J65/A65/B$10)/(C$27+J65/A65/B$10)) -> -0.00037873685 | M65: =M64+L65*2*(K65-K64)/(K64+K65) -> -6.4388325e-06 | N65: =N64+(B$3-B$4)*2*(K65-K64)/(K64+K65) -> 0.00017993816 | P65: =P64+$B$4*2*(A65-A64)/(A65+A64) -> 9.6495391e-05 | Q65: =M65+N65 -> 0.00017349933 | R65: =R64-(Q65-Q64+P65-P64)*R64 -> 1.6025672 | S65: =$C$21*(R65-1)+1 -> 1.5946279 | T65: =-(S65-S64)/S64+T64 -> 0.00026776419 | U65: =(N65-N64)/(K$49/(1+K$49)*(AC65^(1+K$49)-(J65/A65)^(1+K$49))/(J65/A65)^K$49)*K$50+U64 -> 5.3385764e-06 | V65: =IF(D$6="E",-IF(K64=$B$6,-V64+(H65-H64)*(1-E64)+(I65-I64)*E64,-V64+(H65-H64)*(1-E64)+(I65-I64)*E64+(U65-U64)*(1-E64)),IF(K64=$B$6,V64+(H65-H64)*(1-E64)+(I65-I64)*E64,V64+(H65-H64)*(1-E64)+(I65-I64)*E64+(U65-U64)*(1-E64))) -> 0.00011090469 | W65: =T65/3+V65 -> 0.00020015942 | X65: =IF(D$6="E",-B65,B65) -> 9.7275561 | Y65: =IF(D$6="E",-J65,J65) -> 9.814697 | Z65: =J65/A65 -> 0.04829057 | AA65: =B$8/A65^B$3*((1+K$49)/K$49)^-B$3 -> 1.6772571 | AB65: =(R65-AA65) -> -0.074689898 | AC65: =IF(R$58>=AA$58,B$10,IF(K65<K64,(Z65-D$10)*(1+1.25*(D$10-Z65)/MAX(Z$58:Z65)*B$10)+D$10,B$10)) -> 1.3825966 | AD65: =IF(K65>K64,(1-A65/K65)/((J65+0.01)/A65/$B$10)^(1+K$49)+A65/K65+0.01,(1-A65/K65)/((J65+0.01)/A65/$D$10)^(1+K$49)+A65/K65+0.01) -> 2.0055309 | AE65: =IF(ABS(-LN(1-(R65-AA65)/R65)/LN(AD65))<1.2*B$3,1.2*SIGN(-LN(1-(R65-AA65)/R65)/LN(AD65))*B$3,-LN(1-(R65-AA65)/R65)/LN(AD65)) -> -0.065458192 | AF65: =W65 -> 0.00020015942 | AG65: =IF(D$6="E",-B65,IF(D$6="T",-B65,B65)) -> 9.7275561 | AH65: =T65 -> 0.00026776419
A66: =IF(J65/A65<=0.99*$B$10,IF(A65>A64,IF(D$5>0,$A65+($D$7-$D$3)/401,IF(J65/A65>1.01*D$10,A65-($D$7-$D$3)/401,A65)),IF(D$5<0,$A65+($D$7-$D$3)/401,IF(J65/A65>1.01*D$10,A65-($D$7-$D$3)/401,A65))),IF(K65>$B$6,IF(B$10>D$10,IF(J65/A65>1.01*D$10,A65-($D$7-$D$3)/401,A65),A65),IF(MAX(J$58:J65)<0.99*$B$10*(A65^$K$49*(K65-A65))^(1/(1+$K$49))*($K$49^(1/(1+$K$49))),$A65+($D$7-$D$3)/401,IF(J65/A65>1.01*$D$10,$A65-($D$7-$D$3)/401,A65)))) -> 203.74127 | B66: =$D$4+(A66-$D$3)*$D$5 -> 11.223815 | C66: =2/PI()*(ATAN((B66/A66)^2))/(1+C$12/C$14*10*(100/A65)^0.5) -> 0.0013945174 | D66: =3*G65*(I66-I65)+D65 -> 0.3223263 | E66: =(1/$C$16)*($C$12/100)/S66 -> 0.0090683961 | F66: =3*(1-2*$B$9)*(A67+A66)/(4*(1+$B$9)*$B$4) -> 31042.055 | G66: =$C$18*$C$17*(A66+100)/100/(2*(1+$C$19))*1000 -> 2321798.3 | H66: =(B66-B65)/(3*(1-E65)*F65+3*C65*E65*G65)+H65 -> 0.00012287433 | I66: =C65*(H66-H65)+I65 -> 4.6450049e-08 | J66: =J65+3*(H66-H65)*F65 -> 11.323561 | K66: =IF(J66<$B$10*(A65^$K$49*(MAX(K$58:K65)-A65))^(1/(1+$K$49))*($K$49^(1/(1+$K$49))),IF(J66/A66>D$10,IF(MAX(J$58:J65)<0.99*$B$10*(A65^$K$49*(K65-A65))^(1/(1+$K$49))*($K$49^(1/(1+$K$49))),MAX(K$58:K65),((J66/$B$10)^(1+$K$49)/(A66^($K$49)*$K$49))+A66),MAX(K$58:K65)),((J66/$B$10)^(1+$K$49)/(A66^($K$49)*$K$49))+A66) -> 204.0705 | L66: =IF(K66<K65,AE65*(MAX(Z$58:Z65)-J65/A65)/(J65/A65/D$10-1)/(1+1*(MAX(Z$58:Z65)-J65/A65)/(J65/A65/D$10-1))+B$3-B$4,AE65*(J66/A66/B$10)/(C$27+J66/A66/B$10)) -> -0.00043563355 | M66: =M65+L66*2*(K66-K65)/(K65+K66) -> -7.6788175e-06 | N66: =N65+(B$3-B$4)*2*(K66-K65)/(K65+K66) -> 0.00020954066 | P66: =P65+$B$4*2*(A66-A65)/(A66+A65) -> 0.00011120123 | Q66: =M66+N66 -> 0.00020186184 | R66: =R65-(Q66-Q65+P66-P65)*R65 -> 1.6024982 | S66: =$C$21*(R66-1)+1 -> 1.5945598 | T66: =-(S66-S65)/S65+T65 -> 0.00031047669 | U66: =(N66-N65)/(K$49/(1+K$49)*(AC66^(1+K$49)-(J66/A66)^(1+K$49))/(J66/A66)^K$49)*K$50+U65 -> 7.0627215e-06 | V66: =IF(D$6="E",-IF(K65=$B$6,-V65+(H66-H65)*(1-E65)+(I66-I65)*E65,-V65+(H66-H65)*(1-E65)+(I66-I65)*E65+(U66-U65)*(1-E65)),IF(K65=$B$6,V65+(H66-H65)*(1-E65)+(I66-I65)*E65,V65+(H66-H65)*(1-E65)+(I66-I65)*E65+(U66-U65)*(1-E65))) -> 0.00012870815 | W66: =T66/3+V66 -> 0.00023220038 | X66: =IF(D$6="E",-B66,B66) -> 11.223815 | Y66: =IF(D$6="E",-J66,J66) -> 11.323561 | Z66: =J66/A66 -> 0.05557814 | AA66: =B$8/A66^B$3*((1+K$49)/K$49)^-B$3 -> 1.6771897 | AB66: =(R66-AA66) -> -0.0746915 | AC66: =IF(R$58>=AA$58,B$10,IF(K66<K65,(Z66-D$10)*(1+1.25*(D$10-Z66)/MAX(Z$58:Z66)*B$10)+D$10,B$10)) -> 1.3825966 | AD66: =IF(K66>K65,(1-A66/K66)/((J66+0.01)/A66/$B$10)^(1+K$49)+A66/K66+0.01,(1-A66/K66)/((J66+0.01)/A66/$D$10)^(1+K$49)+A66/K66+0.01) -> 2.0050123 | AE66: =IF(ABS(-LN(1-(R66-AA66)/R66)/LN(AD66))<1.2*B$3,1.2*SIGN(-LN(1-(R66-AA66)/R66)/LN(AD66))*B$3,-LN(1-(R66-AA66)/R66)/LN(AD66)) -> -0.065486658 | AF66: =W66 -> 0.00023220038 | AG66: =IF(D$6="E",-B66,IF(D$6="T",-B66,B66)) -> 11.223815 | AH66: =T66 -> 0.00031047669
A67: =IF(J66/A66<=0.99*$B$10,IF(A66>A65,IF(D$5>0,$A66+($D$7-$D$3)/401,IF(J66/A66>1.01*D$10,A66-($D$7-$D$3)/401,A66)),IF(D$5<0,$A66+($D$7-$D$3)/401,IF(J66/A66>1.01*D$10,A66-($D$7-$D$3)/401,A66))),IF(K66>$B$6,IF(B$10>D$10,IF(J66/A66>1.01*D$10,A66-($D$7-$D$3)/401,A66),A66),IF(MAX(J$58:J66)<0.99*$B$10*(A66^$K$49*(K66-A66))^(1/(1+$K$49))*($K$49^(1/(1+$K$49))),$A66+($D$7-$D$3)/401,IF(J66/A66>1.01*$D$10,$A66-($D$7-$D$3)/401,A66)))) -> 204.24002 | B67: =$D$4+(A67-$D$3)*$D$5 -> 12.720075 | C67: =2/PI()*(ATAN((B67/A67)^2))/(1+C$12/C$14*10*(100/A66)^0.5) -> 0.0017829768 | D67: =3*G66*(I67-I66)+D66 -> 0.47966908 | E67: =(1/$C$16)*($C$12/100)/S67 -> 0.0090687859 | F67: =3*(1-2*$B$9)*(A68+A67)/(4*(1+$B$9)*$B$4) -> 31117.952 | G67: =$C$18*$C$17*(A67+100)/100/(2*(1+$C$19))*1000 -> 2325610.8 | H67: =(B67-B66)/(3*(1-E66)*F66+3*C66*E66*G66)+H66 -> 0.00013907292 | I67: =C66*(H67-H66)+I66 -> 6.903926e-08 | J67: =J66+3*(H67-H66)*F66 -> 12.832073 | K67: =IF(J67<$B$10*(A66^$K$49*(MAX(K$58:K66)-A66))^(1/(1+$K$49))*($K$49^(1/(1+$K$49))),IF(J67/A67>D$10,IF(MAX(J$58:J66)<0.99*$B$10*(A66^$K$49*(K66-A66))^(1/(1+$K$49))*($K$49^(1/(1+$K$49))),MAX(K$58:K66),((J67/$B$10)^(1+$K$49)/(A67^($K$49)*$K$49))+A67),MAX(K$58:K66)),((J67/$B$10)^(1+$K$49)/(A67^($K$49)*$K$49))+A67) -> 204.66178 | L67: =IF(K67<K66,AE66*(MAX(Z$58:Z66)-J66/A66)/(J66/A66/D$10-1)/(1+1*(MAX(Z$58:Z66)-J66/A66)/(J66/A66/D$10-1))+B$3-B$4,AE66*(J67/A67/B$10)/(C$27+J67/A67/B$10)) -> -0.00049224943 | M67: =M66+L67*2*(K67-K66)/(K66+K67) -> -9.1030178e-06 | N67: =N66+(B$3-B$4)*2*(K67-K66)/(K66+K67) -> 0.00023963046 | P67: =P66+$B$4*2*(A67-A66)/(A67+A66) -> 0.00012587111 | Q67: =M67+N67 -> 0.00023052744 | R67: =R66-(Q67-Q66+P67-P66)*R66 -> 1.6024288 | S67: =$C$21*(R67-1)+1 -> 1.5944913 | T67: =-(S67-S66)/S66+T66 -> 0.00035345408 | U67: =(N67-N66)/(K$49/(1+K$49)*(AC67^(1+K$49)-(J67/A67)^(1+K$49))/(J67/A67)^K$49)*K$50+U66 -> 9.0447592e-06 | V67: =IF(D$6="E",-IF(K66=$B$6,-V66+(H67-H66)*(1-E66)+(I67-I66)*E66,-V66+(H67-H66)*(1-E66)+(I67-I66)*E66+(U67-U66)*(1-E66)),IF(K66=$B$6,V66+(H67-H66)*(1-E66)+(I67-I66)*E66,V66+(H67-H66)*(1-E66)+(I67-I66)*E66+(U67-U66)*(1-E66))) -> 0.00014672411 | W67: =T67/3+V67 -> 0.00026454214 | X67: =IF(D$6="E",-B67,B67) -> 12.720075 | Y67: =IF(D$6="E",-J67,J67) -> 12.832073 | Z67: =J67/A67 -> 0.062828397 | AA67: =B$8/A67^B$3*((1+K$49)/K$49)^-B$3 -> 1.6771225 | AB67: =(R67-AA67) -> -0.074693695 | AC67: =IF(R$58>=AA$58,B$10,IF(K67<K66,(Z67-D$10)*(1+1.25*(D$10-Z67)/MAX(Z$58:Z67)*B$10)+D$10,B$10)) -> 1.3825966 | AD67: =IF(K67>K66,(1-A67/K67)/((J67+0.01)/A67/$B$10)^(1+K$49)+A67/K67+0.01,(1-A67/K67)/((J67+0.01)/A67/$D$10)^(1+K$49)+A67/K67+0.01) -> 2.0043249 | AE67: =IF(ABS(-LN(1-(R67-AA67)/R67)/LN(AD67))<1.2*B$3,1.2*SIGN(-LN(1-(R67-AA67)/R67)/LN(AD67))*B$3,-LN(1-(R67-AA67)/R67)/LN(AD67)) -> -0.065523612 | AF67: =W67 -> 0.00026454214 | AG67: =IF(D$6="E",-B67,IF(D$6="T",-B67,B67)) -> 12.720075 | AH67: =T67 -> 0.00035345408
A68: =IF(J67/A67<=0.99*$B$10,IF(A67>A66,IF(D$5>0,$A67+($D$7-$D$3)/401,IF(J67/A67>1.01*D$10,A67-($D$7-$D$3)/401,A67)),IF(D$5<0,$A67+($D$7-$D$3)/401,IF(J67/A67>1.01*D$10,A67-($D$7-$D$3)/401,A67))),IF(K67>$B$6,IF(B$10>D$10,IF(J67/A67>1.01*D$10,A67-($D$7-$D$3)/401,A67),A67),IF(MAX(J$58:J67)<0.99*$B$10*(A67^$K$49*(K67-A67))^(1/(1+$K$49))*($K$49^(1/(1+$K$49))),$A67+($D$7-$D$3)/401,IF(J67/A67>1.01*$D$10,$A67-($D$7-$D$3)/401,A67)))) -> 204.73878 | B68: =$D$4+(A68-$D$3)*$D$5 -> 14.216334 | C68: =2/PI()*(ATAN((B68/A68)^2))/(1+C$12/C$14*10*(100/A67)^0.5) -> 0.0022170191 | D68: =3*G67*(I68-I67)+D67 -> 0.68062731 | E68: =(1/$C$16)*($C$12/100)/S68 -> 0.009069178 | F68: =3*(1-2*$B$9)*(A69+A68)/(4*(1+$B$9)*$B$4) -> 31193.85 | G68: =$C$18*$C$17*(A68+100)/100/(2*(1+$C$19))*1000 -> 2329423.2 | H68: =(B68-B67)/(3*(1-E67)*F67+3*C67*E67*G67)+H67 -> 0.00015522773 | I68: =C67*(H68-H67)+I67 -> 9.7842909e-08 | J68: =J67+3*(H68-H67)*F67 -> 14.340187 | K68: =IF(J68<$B$10*(A67^$K$49*(MAX(K$58:K67)-A67))^(1/(1+$K$49))*($K$49^(1/(1+$K$49))),IF(J68/A68>D$10,IF(MAX(J$58:J67)<0.99*$B$10*(A67^$K$49*(K67-A67))^(1/(1+$K$49))*($K$49^(1/(1+$K$49))),MAX(K$58:K67),((J68/$B$10)^(1+$K$49)/(A68^($K$49)*$K$49))+A68),MAX(K$58:K67)),((J68/$B$10)^(1+$K$49)/(A68^($K$49)*$K$49))+A68) -> 205.26421 | L68: =IF(K68<K67,AE67*(MAX(Z$58:Z67)-J67/A67)/(J67/A67/D$10-1)/(1+1*(MAX(Z$58:Z67)-J67/A67)/(J67/A67/D$10-1))+B$3-B$4,AE67*(J68/A68/B$10)/(C$27+J68/A68/B$10)) -> -0.00054859815 | M68: =M67+L68*2*(K68-K67)/(K67+K68) -> -1.0715468e-05 | N68: =N67+(B$3-B$4)*2*(K68-K67)/(K67+K68) -> 0.00027019833 | P68: =P67+$B$4*2*(A68-A67)/(A68+A67) -> 0.00014050521 | Q68: =M68+N68 -> 0.00025948286 | R68: =R67-(Q68-Q67+P68-P67)*R67 -> 1.6023589 | S68: =$C$21*(R68-1)+1 -> 1.5944224 | T68: =-(S68-S67)/S67+T67 -> 0.00039668341 | U68: =(N68-N67)/(K$49/(1+K$49)*(AC68^(1+K$49)-(J68/A68)^(1+K$49))/(J68/A68)^K$49)*K$50+U67 -> 1.1290579e-05 | V68: =IF(D$6="E",-IF(K67=$B$6,-V67+(H68-H67)*(1-E67)+(I68-I67)*E67,-V67+(H68-H67)*(1-E67)+(I68-I67)*E67+(U68-U67)*(1-E67)),IF(K67=$B$6,V67+(H68-H67)*(1-E67)+(I68-I67)*E67,V67+(H68-H67)*(1-E67)+(I68-I67)*E67+(U68-U67)*(1-E67))) -> 0.00016495813 | W68: =T68/3+V68 -> 0.00029718593 | X68: =IF(D$6="E",-B68,B68) -> 14.216334 | Y68: =IF(D$6="E",-J68,J68) -> 14.340187 | Z68: =J68/A68 -> 0.070041382 | AA68: =B$8/A68^B$3*((1+K$49)/K$49)^-B$3 -> 1.6770554 | AB68: =(R68-AA68) -> -0.074696461 | AC68: =IF(R$58>=AA$58,B$10,IF(K68<K67,(Z68-D$10)*(1+1.25*(D$10-Z68)/MAX(Z$58:Z68)*B$10)+D$10,B$10)) -> 1.3825966 | AD68: =IF(K68>K67,(1-A68/K68)/((J68+0.01)/A68/$B$10)^(1+K$49)+A68/K68+0.01,(1-A68/K68)/((J68+0.01)/A68/$D$10)^(1+K$49)+A68/K68+0.01) -> 2.0034908 | AE68: =IF(ABS(-LN(1-(R68-AA68)/R68)/LN(AD68))<1.2*B$3,1.2*SIGN(-LN(1-(R68-AA68)/R68)/LN(AD68))*B$3,-LN(1-(R68-AA68)/R68)/LN(AD68)) -> -0.065568031 | AF68: =W68 -> 0.00029718593 | AG68: =IF(D$6="E",-B68,IF(D$6="T",-B68,B68)) -> 14.216334 | AH68: =T68 -> 0.00039668341
A69: =IF(J68/A68<=0.99*$B$10,IF(A68>A67,IF(D$5>0,$A68+($D$7-$D$3)/401,IF(J68/A68>1.01*D$10,A68-($D$7-$D$3)/401,A68)),IF(D$5<0,$A68+($D$7-$D$3)/401,IF(J68/A68>1.01*D$10,A68-($D$7-$D$3)/401,A68))),IF(K68>$B$6,IF(B$10>D$10,IF(J68/A68>1.01*D$10,A68-($D$7-$D$3)/401,A68),A68),IF(MAX(J$58:J68)<0.99*$B$10*(A68^$K$49*(K68-A68))^(1/(1+$K$49))*($K$49^(1/(1+$K$49))),$A68+($D$7-$D$3)/401,IF(J68/A68>1.01*$D$10,$A68-($D$7-$D$3)/401,A68)))) -> 205.23753 | B69: =$D$4+(A69-$D$3)*$D$5 -> 15.712594 | C69: =2/PI()*(ATAN((B69/A69)^2))/(1+C$12/C$14*10*(100/A68)^0.5) -> 0.002696013 | D69: =3*G68*(I69-I68)+D68 -> 0.9302332 | E69: =(1/$C$16)*($C$12/100)/S69 -> 0.0090695722 | F69: =3*(1-2*$B$9)*(A70+A69)/(4*(1+$B$9)*$B$4) -> 31269.747 | G69: =$C$18*$C$17*(A69+100)/100/(2*(1+$C$19))*1000 -> 2333235.7 | H69: =(B69-B68)/(3*(1-E68)*F68+3*C68*E68*G68)+H68 -> 0.00017133848 | I69: =C68*(H69-H68)+I68 -> 1.3356075e-07 | J69: =J68+3*(H69-H68)*F68 -> 15.847856 | K69: =IF(J69<$B$10*(A68^$K$49*(MAX(K$58:K68)-A68))^(1/(1+$K$49))*($K$49^(1/(1+$K$49))),IF(J69/A69>D$10,IF(MAX(J$58:J68)<0.99*$B$10*(A68^$K$49*(K68-A68))^(1/(1+$K$49))*($K$49^(1/(1+$K$49))),MAX(K$58:K68),((J69/$B$10)^(1+$K$49)/(A69^($K$49)*$K$49))+A69),MAX(K$58:K68)),((J69/$B$10)^(1+$K$49)/(A69^($K$49)*$K$49))+A69) -> 205.8777 | L69: =IF(K69<K68,AE68*(MAX(Z$58:Z68)-J68/A68)/(J68/A68/D$10-1)/(1+1*(MAX(Z$58:Z68)-J68/A68)/(J68/A68/D$10-1))+B$3-B$4,AE68*(J69/A69/B$10)/(C$27+J69/A69/B$10)) -> -0.00060469352 | M69: =M68+L69*2*(K69-K68)/(K68+K69) -> -1.2520055e-05 | N69: =N68+(B$3-B$4)*2*(K69-K68)/(K68+K69) -> 0.00030123506 | P69: =P68+$B$4*2*(A69-A68)/(A69+A68) -> 0.00015510371 | Q69: =M69+N69 -> 0.000288715 | R69: =R68-(Q69-Q68+P69-P68)*R68 -> 1.6022887 | S69: =$C$21*(R69-1)+1 -> 1.594353 | T69: =-(S69-S68)/S68+T68 -> 0.00044015185 | U69: =(N69-N68)/(K$49/(1+K$49)*(AC69^(1+K$49)-(J69/A69)^(1+K$49))/(J69/A69)^K$49)*K$50+U68 -> 1.3805854e-05 | V69: =IF(D$6="E",-IF(K68=$B$6,-V68+(H69-H68)*(1-E68)+(I69-I68)*E68,-V68+(H69-H68)*(1-E68)+(I69-I68)*E68+(U69-U68)*(1-E68)),IF(K68=$B$6,V68+(H69-H68)*(1-E68)+(I69-I68)*E68,V68+(H69-H68)*(1-E68)+(I69-I68)*E68+(U69-U68)*(1-E68))) -> 0.00018341555 | W69: =T69/3+V69 -> 0.00033013284 | X69: =IF(D$6="E",-B69,B69) -> 15.712594 | Y69: =IF(D$6="E",-J69,J69) -> 15.847856 | Z69: =J69/A69 -> 0.077217144 | AA69: =B$8/A69^B$3*((1+K$49)/K$49)^-B$3 -> 1.6769885 | AB69: =(R69-AA69) -> -0.074699775 | AC69: =IF(R$58>=AA$58,B$10,IF(K69<K68,(Z69-D$10)*(1+1.25*(D$10-Z69)/MAX(Z$58:Z69)*B$10)+D$10,B$10)) -> 1.3825966 | AD69: =IF(K69>K68,(1-A69/K69)/((J69+0.01)/A69/$B$10)^(1+K$49)+A69/K69+0.01,(1-A69/K69)/((J69+0.01)/A69/$D$10)^(1+K$49)+A69/K69+0.01) -> 2.0025242 | AE69: =IF(ABS(-LN(1-(R69-AA69)/R69)/LN(AD69))<1.2*B$3,1.2*SIGN(-LN(1-(R69-AA69)/R69)/LN(AD69))*B$3,-LN(1-(R69-AA69)/R69)/LN(AD69)) -> -0.065619253 | AF69: =W69 -> 0.00033013284 | AG69: =IF(D$6="E",-B69,IF(D$6="T",-B69,B69)) -> 15.712594 | AH69: =T69 -> 0.00044015185
A70: =IF(J69/A69<=0.99*$B$10,IF(A69>A68,IF(D$5>0,$A69+($D$7-$D$3)/401,IF(J69/A69>1.01*D$10,A69-($D$7-$D$3)/401,A69)),IF(D$5<0,$A69+($D$7-$D$3)/401,IF(J69/A69>1.01*D$10,A69-($D$7-$D$3)/401,A69))),IF(K69>$B$6,IF(B$10>D$10,IF(J69/A69>1.01*D$10,A69-($D$7-$D$3)/401,A69),A69),IF(MAX(J$58:J69)<0.99*$B$10*(A69^$K$49*(K69-A69))^(1/(1+$K$49))*($K$49^(1/(1+$K$49))),$A69+($D$7-$D$3)/401,IF(J69/A69>1.01*$D$10,$A69-($D$7-$D$3)/401,A69)))) -> 205.73628 | B70: =$D$4+(A70-$D$3)*$D$5 -> 17.208853 | C70: =2/PI()*(ATAN((B70/A70)^2))/(1+C$12/C$14*10*(100/A69)^0.5) -> 0.0032193357 | D70: =3*G69*(I70-I69)+D69 -> 1.2334275 | E70: =(1/$C$16)*($C$12/100)/S70 -> 0.0090699685 | F70: =3*(1-2*$B$9)*(A71+A70)/(4*(1+$B$9)*$B$4) -> 31345.644 | G70: =$C$18*$C$17*(A70+100)/100/(2*(1+$C$19))*1000 -> 2337048.2 | H70: =(B70-B69)/(3*(1-E69)*F69+3*C69*E69*G69)+H69 -> 0.0001874049 | I70: =C69*(H70-H69)+I69 -> 1.7687604e-07 | J70: =J69+3*(H70-H69)*F69 -> 17.355035 | K70: =IF(J70<$B$10*(A69^$K$49*(MAX(K$58:K69)-A69))^(1/(1+$K$49))*($K$49^(1/(1+$K$49))),IF(J70/A70>D$10,IF(MAX(J$58:J69)<0.99*$B$10*(A69^$K$49*(K69-A69))^(1/(1+$K$49))*($K$49^(1/(1+$K$49))),MAX(K$58:K69),((J70/$B$10)^(1+$K$49)/(A70^($K$49)*$K$49))+A70),MAX(K$58:K69)),((J70/$B$10)^(1+$K$49)/(A70^($K$49)*$K$49))+A70) -> 206.50214 | L70: =IF(K70<K69,AE69*(MAX(Z$58:Z69)-J69/A69)/(J69/A69/D$10-1)/(1+1*(MAX(Z$58:Z69)-J69/A69)/(J69/A69/D$10-1))+B$3-B$4,AE69*(J70/A70/B$10)/(C$27+J70/A70/B$10)) -> -0.00066054925 | M70: =M69+L70*2*(K70-K69)/(K69+K70) -> -1.4520527e-05 | N70: =N69+(B$3-B$4)*2*(K70-K69)/(K69+K70) -> 0.00033273143 | P70: =P69+$B$4*2*(A70-A69)/(A70+A69) -> 0.00016966677 | Q70: =M70+N70 -> 0.00031821091 | R70: =R69-(Q70-Q69+P70-P69)*R69 -> 1.6022181 | S70: =$C$21*(R70-1)+1 -> 1.5942834 | T70: =-(S70-S69)/S69+T69 -> 0.00048384671 | U70: =(N70-N69)/(K$49/(1+K$49)*(AC70^(1+K$49)-(J70/A70)^(1+K$49))/(J70/A70)^K$49)*K$50+U69 -> 1.6596044e-05 | V70: =IF(D$6="E",-IF(K69=$B$6,-V69+(H70-H69)*(1-E69)+(I70-I69)*E69,-V69+(H70-H69)*(1-E69)+(I70-I69)*E69+(U70-U69)*(1-E69)),IF(K69=$B$6,V69+(H70-H69)*(1-E69)+(I70-I69)*E69,V69+(H70-H69)*(1-E69)+(I70-I69)*E69+(U70-U69)*(1-E69))) -> 0.00020210154 | W70: =T70/3+V70 -> 0.00036338377 | X70: =IF(D$6="E",-B70,B70) -> 17.208853 | Y70: =IF(D$6="E",-J70,J70) -> 17.355035 | Z70: =J70/A70 -> 0.084355732 | AA70: =B$8/A70^B$3*((1+K$49)/K$49)^-B$3 -> 1.6769217 | AB70: =(R70-AA70) -> -0.074703618 | AC70: =IF(R$58>=AA$58,B$10,IF(K70<K69,(Z70-D$10)*(1+1.25*(D$10-Z70)/MAX(Z$58:Z70)*B$10)+D$10,B$10)) -> 1.3825966 | AD70: =IF(K70>K69,(1-A70/K70)/((J70+0.01)/A70/$B$10)^(1+K$49)+A70/K70+0.01,(1-A70/K70)/((J70+0.01)/A70/$D$10)^(1+K$49)+A70/K70+0.01) -> 2.0014354 | AE70: =IF(ABS(-LN(1-(R70-AA70)/R70)/LN(AD70))<1.2*B$3,1.2*SIGN(-LN(1-(R70-AA70)/R70)/LN(AD70))*B$3,-LN(1-(R70-AA70)/R70)/LN(AD70)) -> -0.065676817 | AF70: =W70 -> 0.00036338377 | AG70: =IF(D$6="E",-B70,IF(D$6="T",-B70,B70)) -> 17.208853 | AH70: =T70 -> 0.00048384671
A71: =IF(J70/A70<=0.99*$B$10,IF(A70>A69,IF(D$5>0,$A70+($D$7-$D$3)/401,IF(J70/A70>1.01*D$10,A70-($D$7-$D$3)/401,A70)),IF(D$5<0,$A70+($D$7-$D$3)/401,IF(J70/A70>1.01*D$10,A70-($D$7-$D$3)/401,A70))),IF(K70>$B$6,IF(B$10>D$10,IF(J70/A70>1.01*D$10,A70-($D$7-$D$3)/401,A70),A70),IF(MAX(J$58:J70)<0.99*$B$10*(A70^$K$49*(K70-A70))^(1/(1+$K$49))*($K$49^(1/(1+$K$49))),$A70+($D$7-$D$3)/401,IF(J70/A70>1.01*$D$10,$A70-($D$7-$D$3)/401,A70)))) -> 206.23504 | B71: =$D$4+(A71-$D$3)*$D$5 -> 18.705112 | C71: =2/PI()*(ATAN((B71/A71)^2))/(1+C$12/C$14*10*(100/A70)^0.5) -> 0.003786372 | D71: =3*G70*(I71-I70)+D70 -> 1.5950601 | E71: =(1/$C$16)*($C$12/100)/S71 -> 0.0090703668 | F71: =3*(1-2*$B$9)*(A72+A71)/(4*(1+$B$9)*$B$4) -> 31421.541 | G71: =$C$18*$C$17*(A71+100)/100/(2*(1+$C$19))*1000 -> 2340860.6 | H71: =(B71-B70)/(3*(1-E70)*F70+3*C70*E70*G70)+H70 -> 0.00020342674 | I71: =C70*(H71-H70)+I70 -> 2.2845571e-07 | J71: =J70+3*(H71-H70)*F70 -> 18.861679 | K71: =IF(J71<$B$10*(A70^$K$49*(MAX(K$58:K70)-A70))^(1/(1+$K$49))*($K$49^(1/(1+$K$49))),IF(J71/A71>D$10,IF(MAX(J$58:J70)<0.99*$B$10*(A70^$K$49*(K70-A70))^(1/(1+$K$49))*($K$49^(1/(1+$K$49))),MAX(K$58:K70),((J71/$B$10)^(1+$K$49)/(A71^($K$49)*$K$49))+A71),MAX(K$58:K70)),((J71/$B$10)^(1+$K$49)/(A71^($K$49)*$K$49))+A71) -> 207.13745 | L71: =IF(K71<K70,AE70*(MAX(Z$58:Z70)-J70/A70)/(J70/A70/D$10-1)/(1+1*(MAX(Z$58:Z70)-J70/A70)/(J70/A70/D$10-1))+B$3-B$4,AE70*(J71/A71/B$10)/(C$27+J71/A71/B$10)) -> -0.00071617878 | M71: =M70+L71*2*(K71-K70)/(K70+K71) -> -1.672049e-05 | N71: =N70+(B$3-B$4)*2*(K71-K70)/(K70+K71) -> 0.00036467823 | P71: =P70+$B$4*2*(A71-A70)/(A71+A70) -> 0.00018419457 | Q71: =M71+N71 -> 0.00034795774 | R71: =R70-(Q71-Q70+P71-P70)*R70 -> 1.6021472 | S71: =$C$21*(R71-1)+1 -> 1.5942134 | T71: =-(S71-S70)/S70+T70 -> 0.00052775544 | U71: =(N71-N70)/(K$49/(1+K$49)*(AC71^(1+K$49)-(J71/A71)^(1+K$49))/(J71/A71)^K$49)*K$50+U70 -> 1.9666401e-05 | V71: =IF(D$6="E",-IF(K70=$B$6,-V70+(H71-H70)*(1-E70)+(I71-I70)*E70,-V70+(H71-H70)*(1-E70)+(I71-I70)*E70+(U71-U70)*(1-E70)),IF(K70=$B$6,V70+(H71-H70)*(1-E70)+(I71-I70)*E70,V70+(H71-H70)*(1-E70)+(I71-I70)*E70+(U71-U70)*(1-E70))) -> 0.00022102104 | W71: =T71/3+V71 -> 0.00039693952 | X71: =IF(D$6="E",-B71,B71) -> 18.705112 | Y71: =IF(D$6="E",-J71,J71) -> 18.861679 | Z71: =J71/A71 -> 0.091457202 | AA71: =B$8/A71^B$3*((1+K$49)/K$49)^-B$3 -> 1.6768551 | AB71: =(R71-AA71) -> -0.074707968 | AC71: =IF(R$58>=AA$58,B$10,IF(K71<K70,(Z71-D$10)*(1+1.25*(D$10-Z71)/MAX(Z$58:Z71)*B$10)+D$10,B$10)) -> 1.3825966 | AD71: =IF(K71>K70,(1-A71/K71)/((J71+0.01)/A71/$B$10)^(1+K$49)+A71/K71+0.01,(1-A71/K71)/((J71+0.01)/A71/$D$10)^(1+K$49)+A71/K71+0.01) -> 2.0002319 | AE71: =IF(ABS(-LN(1-(R71-AA71)/R71)/LN(AD71))<1.2*B$3,1.2*SIGN(-LN(1-(R71-AA71)/R71)/LN(AD71))*B$3,-LN(1-(R71-AA71)/R71)/LN(AD71)) -> -0.065740388 | AF71: =W71 -> 0.00039693952 | AG71: =IF(D$6="E",-B71,IF(D$6="T",-B71,B71)) -> 18.705112 | AH71: =T71 -> 0.00052775544
... A539: =IF(J538/A538<=0.99*$B$10,IF(A538>A537,IF(D$5>0,$A538+($D$7-$D$3)/401,IF(J538/A538>1.01*D$10,A538-($D$7-$D$3)/401,A538)),IF(D$5<0,$A538+($D$7-$D$3)/401,IF(J538/A538>1.01*D$10,A538-($D$7-$D$3)/401,A538))),IF(K538>$B$6,IF(B$10>D$10,IF(J538/A538>1.01*D$10,A538-($D$7-$D$3)/401,A538),A538),IF(MAX(J$58:J538)<0.99*$B$10*(A538^$K$49*(K538-A538))^(1/(1+$K$49))*($K$49^(1/(1+$K$49))),$A538+($D$7-$D$3)/401,IF(J538/A538>1.01*$D$10,$A538-($D$7-$D$3)/401,A538)))) -> 439.6515 | B539: =$D$4+(A539-$D$3)*$D$5 -> 718.95449 | C539: =2/PI()*(ATAN((B539/A539)^2))/(1+C$12/C$14*10*(100/A538)^0.5) -> 0.61178082 | D539: =3*G538*(I539-I538)+D538 -> 13833.08 | E539: =(1/$C$16)*($C$12/100)/S539 -> 0.0089711662 | F539: =3*(1-2*$B$9)*(A540+A539)/(4*(1+$B$9)*$B$4) -> 66941.437 | G539: =$C$18*$C$17*(A539+100)/100/(2*(1+$C$19))*1000 -> 4125096 | H539: =(B539-B538)/(3*(1-E538)*F538+3*C538*E538*G538)+H538 -> 0.0044070862 | I539: =C538*(H539-H538)+I538 -> 0.0013633575 | J539: =J538+3*(H539-H538)*F538 -> 598.75496 | K539: =IF(J539<$B$10*(A538^$K$49*(MAX(K$58:K538)-A538))^(1/(1+$K$49))*($K$49^(1/(1+$K$49))),IF(J539/A539>D$10,IF(MAX(J$58:J538)<0.99*$B$10*(A538^$K$49*(K538-A538))^(1/(1+$K$49))*($K$49^(1/(1+$K$49))),MAX(K$58:K538),((J539/$B$10)^(1+$K$49)/(A539^($K$49)*$K$49))+A539),MAX(K$58:K538)),((J539/$B$10)^(1+$K$49)/(A539^($K$49)*$K$49))+A539) -> 866.22974 | L539: =IF(K539<K538,AE538*(MAX(Z$58:Z538)-J538/A538)/(J538/A538/D$10-1)/(1+1*(MAX(Z$58:Z538)-J538/A538)/(J538/A538/D$10-1))+B$3-B$4,AE538*(J539/A539/B$10)/(C$27+J539/A539/B$10)) -> -0.12332923 | M539: =M538+L539*2*(K539-K538)/(K538+K539) -> -0.030527544 | N539: =N538+(B$3-B$4)*2*(K539-K538)/(K538+K539) -> 0.015244647 | P539: =P538+$B$4*2*(A539-A538)/(A539+A538) -> 0.0047259887 | Q539: =M539+N539 -> -0.015282897 | R539: =R538-(Q539-Q538+P539-P538)*R538 -> 1.6200109 | S539: =$C$21*(R539-1)+1 -> 1.6118417 | T539: =-(S539-S538)/S538+T538 -> -0.010470151 | U539: =(N539-N538)/(K$49/(1+K$49)*(AC539^(1+K$49)-(J539/A539)^(1+K$49))/(J539/A539)^K$49)*K$50+U538 -> 0.058431436 | V539: =IF(D$6="E",-IF(K538=$B$6,-V538+(H539-H538)*(1-E538)+(I539-I538)*E538,-V538+(H539-H538)*(1-E538)+(I539-I538)*E538+(U539-U538)*(1-E538)),IF(K538=$B$6,V538+(H539-H538)*(1-E538)+(I539-I538)*E538,V538+(H539-H538)*(1-E538)+(I539-I538)*E538+(U539-U538)*(1-E538))) -> 0.062281909 | W539: =T539/3+V539 -> 0.058791859 | X539: =IF(D$6="E",-B539,B539) -> 718.95449 | Y539: =IF(D$6="E",-J539,J539) -> 598.75496 | Z539: =J539/A539 -> 1.3618854 | AA539: =B$8/A539^B$3*((1+K$49)/K$49)^-B$3 -> 1.6561669 | AB539: =(R539-AA539) -> -0.036156045 | AC539: =IF(R$58>=AA$58,B$10,IF(K539<K538,(Z539-D$10)*(1+1.25*(D$10-Z539)/MAX(Z$58:Z539)*B$10)+D$10,B$10)) -> 1.3825966 | AD539: =IF(K539>K538,(1-A539/K539)/((J539+0.01)/A539/$B$10)^(1+K$49)+A539/K539+0.01,(1-A539/K539)/((J539+0.01)/A539/$D$10)^(1+K$49)+A539/K539+0.01) -> 1.0250752 | AE539: =IF(ABS(-LN(1-(R539-AA539)/R539)/LN(AD539))<1.2*B$3,1.2*SIGN(-LN(1-(R539-AA539)/R539)/LN(AD539))*B$3,-LN(1-(R539-AA539)/R539)/LN(AD539)) -> -0.8912631 | AF539: =W539 -> 0.058791859 | AG539: =IF(D$6="E",-B539,IF(D$6="T",-B539,B539)) -> 718.95449 | AH539: =T539 -> -0.010470151
A540: =IF(J539/A539<=0.99*$B$10,IF(A539>A538,IF(D$5>0,$A539+($D$7-$D$3)/401,IF(J539/A539>1.01*D$10,A539-($D$7-$D$3)/401,A539)),IF(D$5<0,$A539+($D$7-$D$3)/401,IF(J539/A539>1.01*D$10,A539-($D$7-$D$3)/401,A539))),IF(K539>$B$6,IF(B$10>D$10,IF(J539/A539>1.01*D$10,A539-($D$7-$D$3)/401,A539),A539),IF(MAX(J$58:J539)<0.99*$B$10*(A539^$K$49*(K539-A539))^(1/(1+$K$49))*($K$49^(1/(1+$K$49))),$A539+($D$7-$D$3)/401,IF(J539/A539>1.01*$D$10,$A539-($D$7-$D$3)/401,A539)))) -> 440.15025 | B540: =$D$4+(A540-$D$3)*$D$5 -> 720.45075 | C540: =2/PI()*(ATAN((B540/A540)^2))/(1+C$12/C$14*10*(100/A539)^0.5) -> 0.61216556 | D540: =3*G539*(I540-I539)+D539 -> 13875.517 | E540: =(1/$C$16)*($C$12/100)/S540 -> 0.0089693104 | F540: =3*(1-2*$B$9)*(A541+A540)/(4*(1+$B$9)*$B$4) -> 67017.334 | G540: =$C$18*$C$17*(A540+100)/100/(2*(1+$C$19))*1000 -> 4128908.5 | H540: =(B540-B539)/(3*(1-E539)*F539+3*C539*E539*G539)+H539 -> 0.0044126914 | I540: =C539*(H540-H539)+I539 -> 0.0013667866 | J540: =J539+3*(H540-H539)*F539 -> 599.88061 | K540: =IF(J540<$B$10*(A539^$K$49*(MAX(K$58:K539)-A539))^(1/(1+$K$49))*($K$49^(1/(1+$K$49))),IF(J540/A540>D$10,IF(MAX(J$58:J539)<0.99*$B$10*(A539^$K$49*(K539-A539))^(1/(1+$K$49))*($K$49^(1/(1+$K$49))),MAX(K$58:K539),((J540/$B$10)^(1+$K$49)/(A540^($K$49)*$K$49))+A540),MAX(K$58:K539)),((J540/$B$10)^(1+$K$49)/(A540^($K$49)*$K$49))+A540) -> 867.84873 | L540: =IF(K540<K539,AE539*(MAX(Z$58:Z539)-J539/A539)/(J539/A539/D$10-1)/(1+1*(MAX(Z$58:Z539)-J539/A539)/(J539/A539/D$10-1))+B$3-B$4,AE539*(J540/A540/B$10)/(C$27+J540/A540/B$10)) -> -0.12576536 | M540: =M539+L540*2*(K540-K539)/(K539+K540) -> -0.030762381 | N540: =N539+(B$3-B$4)*2*(K540-K539)/(K539+K540) -> 0.015264066 | O540: =(D$10-Z540)/MAX(Z$58:Z540) -> -0.10354649 | P540: =P539+$B$4*2*(A540-A539)/(A540+A539) -> 0.0047327914 | Q540: =M540+N540 -> -0.015498315 | R540: =R539-(Q540-Q539+P540-P539)*R539 -> 1.6203488 | S540: =$C$21*(R540-1)+1 -> 1.6121752 | T540: =-(S540-S539)/S539+T539 -> -0.010677061 | U540: =(N540-N539)/(K$49/(1+K$49)*(AC540^(1+K$49)-(J540/A540)^(1+K$49))/(J540/A540)^K$49)*K$50+U539 -> 0.059410277 | V540: =IF(D$6="E",-IF(K539=$B$6,-V539+(H540-H539)*(1-E539)+(I540-I539)*E539,-V539+(H540-H539)*(1-E539)+(I540-I539)*E539+(U540-U539)*(1-E539)),IF(K539=$B$6,V539+(H540-H539)*(1-E539)+(I540-I539)*E539,V539+(H540-H539)*(1-E539)+(I540-I539)*E539+(U540-U539)*(1-E539))) -> 0.063257554 | W540: =T540/3+V540 -> 0.059698534 | X540: =IF(D$6="E",-B540,B540) -> 720.45075 | Y540: =IF(D$6="E",-J540,J540) -> 599.88061 | Z540: =J540/A540 -> 1.3628996 | AA540: =B$8/A540^B$3*((1+K$49)/K$49)^-B$3 -> 1.6561361 | AB540: =(R540-AA540) -> -0.035787291 | AC540: =IF(R$58>=AA$58,B$10,IF(K540<K539,(Z540-D$10)*(1+1.25*(D$10-Z540)/MAX(Z$58:Z540)*B$10)+D$10,B$10)) -> 1.3825966 | AD540: =IF(K540>K539,(1-A540/K540)/((J540+0.01)/A540/$B$10)^(1+K$49)+A540/K540+0.01,(1-A540/K540)/((J540+0.01)/A540/$D$10)^(1+K$49)+A540/K540+0.01) -> 1.0243309 | AE540: =IF(ABS(-LN(1-(R540-AA540)/R540)/LN(AD540))<1.2*B$3,1.2*SIGN(-LN(1-(R540-AA540)/R540)/LN(AD540))*B$3,-LN(1-(R540-AA540)/R540)/LN(AD540)) -> -0.90873963 | AF540: =W540 -> 0.059698534 | AG540: =IF(D$6="E",-B540,IF(D$6="T",-B540,B540)) -> 720.45075 | AH540: =T540 -> -0.010677061
A541: =IF(J540/A540<=0.99*$B$10,IF(A540>A539,IF(D$5>0,$A540+($D$7-$D$3)/401,IF(J540/A540>1.01*D$10,A540-($D$7-$D$3)/401,A540)),IF(D$5<0,$A540+($D$7-$D$3)/401,IF(J540/A540>1.01*D$10,A540-($D$7-$D$3)/401,A540))),IF(K540>$B$6,IF(B$10>D$10,IF(J540/A540>1.01*D$10,A540-($D$7-$D$3)/401,A540),A540),IF(MAX(J$58:J540)<0.99*$B$10*(A540^$K$49*(K540-A540))^(1/(1+$K$49))*($K$49^(1/(1+$K$49))),$A540+($D$7-$D$3)/401,IF(J540/A540>1.01*$D$10,$A540-($D$7-$D$3)/401,A540)))) -> 440.649 | B541: =$D$4+(A541-$D$3)*$D$5 -> 721.94701 | C541: =2/PI()*(ATAN((B541/A541)^2))/(1+C$12/C$14*10*(100/A540)^0.5) -> 0.61254882 | D541: =3*G540*(I541-I540)+D540 -> 13917.969 | E541: =(1/$C$16)*($C$12/100)/S541 -> 0.0089674157 | F541: =3*(1-2*$B$9)*(A542+A541)/(4*(1+$B$9)*$B$4) -> 67093.232 | G541: =$C$18*$C$17*(A541+100)/100/(2*(1+$C$19))*1000 -> 4132721 | H541: =(B541-B540)/(3*(1-E540)*F540+3*C540*E540*G540)+H540 -> 0.0044182899 | I541: =C540*(H541-H540)+I540 -> 0.0013702138 | J541: =J540+3*(H541-H540)*F540 -> 601.0062 | K541: =IF(J541<$B$10*(A540^$K$49*(MAX(K$58:K540)-A540))^(1/(1+$K$49))*($K$49^(1/(1+$K$49))),IF(J541/A541>D$10,IF(MAX(J$58:J540)<0.99*$B$10*(A540^$K$49*(K540-A540))^(1/(1+$K$49))*($K$49^(1/(1+$K$49))),MAX(K$58:K540),((J541/$B$10)^(1+$K$49)/(A541^($K$49)*$K$49))+A541),MAX(K$58:K540)),((J541/$B$10)^(1+$K$49)/(A541^($K$49)*$K$49))+A541) -> 869.4681 | L541: =IF(K541<K540,AE540*(MAX(Z$58:Z540)-J540/A540)/(J540/A540/D$10-1)/(1+1*(MAX(Z$58:Z540)-J540/A540)/(J540/A540/D$10-1))+B$3-B$4,AE540*(J541/A541/B$10)/(C$27+J541/A541/B$10)) -> -0.12831321 | M541: =M540+L541*2*(K541-K540)/(K540+K541) -> -0.031001586 | N541: =N540+(B$3-B$4)*2*(K541-K540)/(K540+K541) -> 0.015283454 | O541: =(D$10-Z541)/MAX(Z$58:Z541) -> -0.1042115 | P541: =P540+$B$4*2*(A541-A540)/(A541+A540) -> 0.0047395864 | Q541: =M541+N541 -> -0.015718132 | R541: =R540-(Q541-Q540+P541-P540)*R540 -> 1.620694 | S541: =$C$21*(R541-1)+1 -> 1.6125159 | T541: =-(S541-S540)/S540+T540 -> -0.010888342 | U541: =(N541-N540)/(K$49/(1+K$49)*(AC541^(1+K$49)-(J541/A541)^(1+K$49))/(J541/A541)^K$49)*K$50+U540 -> 0.060440827 | V541: =IF(D$6="E",-IF(K540=$B$6,-V540+(H541-H540)*(1-E540)+(I541-I540)*E540,-V540+(H541-H540)*(1-E540)+(I541-I540)*E540+(U541-U540)*(1-E540)),IF(K540=$B$6,V540+(H541-H540)*(1-E540)+(I541-I540)*E540,V540+(H541-H540)*(1-E540)+(I541-I540)*E540+(U541-U540)*(1-E540))) -> 0.06428444 | W541: =T541/3+V541 -> 0.060654993 | X541: =IF(D$6="E",-B541,B541) -> 721.94701 | Y541: =IF(D$6="E",-J541,J541) -> 601.0062 | Z541: =J541/A541 -> 1.3639114 | AA541: =B$8/A541^B$3*((1+K$49)/K$49)^-B$3 -> 1.6561054 | AB541: =(R541-AA541) -> -0.035411362 | AC541: =IF(R$58>=AA$58,B$10,IF(K541<K540,(Z541-D$10)*(1+1.25*(D$10-Z541)/MAX(Z$58:Z541)*B$10)+D$10,B$10)) -> 1.3825966 | AD541: =IF(K541>K540,(1-A541/K541)/((J541+0.01)/A541/$B$10)^(1+K$49)+A541/K541+0.01,(1-A541/K541)/((J541+0.01)/A541/$D$10)^(1+K$49)+A541/K541+0.01) -> 1.023589 | AE541: =IF(ABS(-LN(1-(R541-AA541)/R541)/LN(AD541))<1.2*B$3,1.2*SIGN(-LN(1-(R541-AA541)/R541)/LN(AD541))*B$3,-LN(1-(R541-AA541)/R541)/LN(AD541)) -> -0.92704767 | AF541: =W541 -> 0.060654993 | AG541: =IF(D$6="E",-B541,IF(D$6="T",-B541,B541)) -> 721.94701 | AH541: =T541 -> -0.010888342
A542: =IF(J541/A541<=0.99*$B$10,IF(A541>A540,IF(D$5>0,$A541+($D$7-$D$3)/401,IF(J541/A541>1.01*D$10,A541-($D$7-$D$3)/401,A541)),IF(D$5<0,$A541+($D$7-$D$3)/401,IF(J541/A541>1.01*D$10,A541-($D$7-$D$3)/401,A541))),IF(K541>$B$6,IF(B$10>D$10,IF(J541/A541>1.01*D$10,A541-($D$7-$D$3)/401,A541),A541),IF(MAX(J$58:J541)<0.99*$B$10*(A541^$K$49*(K541-A541))^(1/(1+$K$49))*($K$49^(1/(1+$K$49))),$A541+($D$7-$D$3)/401,IF(J541/A541>1.01*$D$10,$A541-($D$7-$D$3)/401,A541)))) -> 441.14776 | B542: =$D$4+(A542-$D$3)*$D$5 -> 723.44327 | C542: =2/PI()*(ATAN((B542/A542)^2))/(1+C$12/C$14*10*(100/A541)^0.5) -> 0.61293061 | D542: =3*G541*(I542-I541)+D541 -> 13960.436 | E542: =(1/$C$16)*($C$12/100)/S542 -> 0.0089654804 | F542: =3*(1-2*$B$9)*(A543+A542)/(4*(1+$B$9)*$B$4) -> 67169.129 | G542: =$C$18*$C$17*(A542+100)/100/(2*(1+$C$19))*1000 -> 4136533.4 | H542: =(B542-B541)/(3*(1-E541)*F541+3*C541*E541*G541)+H541 -> 0.0044238818 | I542: =C541*(H542-H541)+I541 -> 0.0013736391 | J542: =J541+3*(H542-H541)*F541 -> 602.13173 | K542: =IF(J542<$B$10*(A541^$K$49*(MAX(K$58:K541)-A541))^(1/(1+$K$49))*($K$49^(1/(1+$K$49))),IF(J542/A542>D$10,IF(MAX(J$58:J541)<0.99*$B$10*(A541^$K$49*(K541-A541))^(1/(1+$K$49))*($K$49^(1/(1+$K$49))),MAX(K$58:K541),((J542/$B$10)^(1+$K$49)/(A542^($K$49)*$K$49))+A542),MAX(K$58:K541)),((J542/$B$10)^(1+$K$49)/(A542^($K$49)*$K$49))+A542) -> 871.08787 | L542: =IF(K542<K541,AE541*(MAX(Z$58:Z541)-J541/A541)/(J541/A541/D$10-1)/(1+1*(MAX(Z$58:Z541)-J541/A541)/(J541/A541/D$10-1))+B$3-B$4,AE541*(J542/A542/B$10)/(C$27+J542/A542/B$10)) -> -0.13098147 | M542: =M541+L542*2*(K542-K541)/(K541+K542) -> -0.031245368 | N542: =N541+(B$3-B$4)*2*(K542-K541)/(K541+K542) -> 0.015302811 | O542: =(D$10-Z542)/MAX(Z$58:Z542) -> -0.10487394 | P542: =P541+$B$4*2*(A542-A541)/(A542+A541) -> 0.0047463738 | Q542: =M542+N542 -> -0.015942558 | R542: =R541-(Q542-Q541+P542-P541)*R541 -> 1.6210467 | S542: =$C$21*(R542-1)+1 -> 1.6128639 | T542: =-(S542-S541)/S541+T541 -> -0.011104202 | U542: =(N542-N541)/(K$49/(1+K$49)*(AC542^(1+K$49)-(J542/A542)^(1+K$49))/(J542/A542)^K$49)*K$50+U541 -> 0.061528861 | V542: =IF(D$6="E",-IF(K541=$B$6,-V541+(H542-H541)*(1-E541)+(I542-I541)*E541,-V541+(H542-H541)*(1-E541)+(I542-I541)*E541+(U542-U541)*(1-E541)),IF(K541=$B$6,V541+(H542-H541)*(1-E541)+(I542-I541)*E541,V541+(H542-H541)*(1-E541)+(I542-I541)*E541+(U542-U541)*(1-E541))) -> 0.065368289 | W542: =T542/3+V542 -> 0.061666888 | X542: =IF(D$6="E",-B542,B542) -> 723.44327 | Y542: =IF(D$6="E",-J542,J542) -> 602.13173 | Z542: =J542/A542 -> 1.3649208 | AA542: =B$8/A542^B$3*((1+K$49)/K$49)^-B$3 -> 1.6560747 | AB542: =(R542-AA542) -> -0.035027913 | AC542: =IF(R$58>=AA$58,B$10,IF(K542<K541,(Z542-D$10)*(1+1.25*(D$10-Z542)/MAX(Z$58:Z542)*B$10)+D$10,B$10)) -> 1.3825966 | AD542: =IF(K542>K541,(1-A542/K542)/((J542+0.01)/A542/$B$10)^(1+K$49)+A542/K542+0.01,(1-A542/K542)/((J542+0.01)/A542/$D$10)^(1+K$49)+A542/K542+0.01) -> 1.0228494 | AE542: =IF(ABS(-LN(1-(R542-AA542)/R542)/LN(AD542))<1.2*B$3,1.2*SIGN(-LN(1-(R542-AA542)/R542)/LN(AD542))*B$3,-LN(1-(R542-AA542)/R542)/LN(AD542)) -> -0.94625405 | AF542: =W542 -> 0.061666888 | AG542: =IF(D$6="E",-B542,IF(D$6="T",-B542,B542)) -> 723.44327 | AH542: =T542 -> -0.011104202
A543: =IF(J542/A542<=0.99*$B$10,IF(A542>A541,IF(D$5>0,$A542+($D$7-$D$3)/401,IF(J542/A542>1.01*D$10,A542-($D$7-$D$3)/401,A542)),IF(D$5<0,$A542+($D$7-$D$3)/401,IF(J542/A542>1.01*D$10,A542-($D$7-$D$3)/401,A542))),IF(K542>$B$6,IF(B$10>D$10,IF(J542/A542>1.01*D$10,A542-($D$7-$D$3)/401,A542),A542),IF(MAX(J$58:J542)<0.99*$B$10*(A542^$K$49*(K542-A542))^(1/(1+$K$49))*($K$49^(1/(1+$K$49))),$A542+($D$7-$D$3)/401,IF(J542/A542>1.01*$D$10,$A542-($D$7-$D$3)/401,A542)))) -> 441.64651 | B543: =$D$4+(A543-$D$3)*$D$5 -> 724.93953 | C543: =2/PI()*(ATAN((B543/A543)^2))/(1+C$12/C$14*10*(100/A542)^0.5) -> 0.61331095 | D543: =3*G542*(I543-I542)+D542 -> 14002.919 | E543: =(1/$C$16)*($C$12/100)/S543 -> 0.0089635025 | F543: =3*(1-2*$B$9)*(A544+A543)/(4*(1+$B$9)*$B$4) -> 67245.026 | G543: =$C$18*$C$17*(A543+100)/100/(2*(1+$C$19))*1000 -> 4140345.9 | H543: =(B543-B542)/(3*(1-E542)*F542+3*C542*E542*G542)+H542 -> 0.004429467 | I543: =C542*(H543-H542)+I542 -> 0.0013770625 | J543: =J542+3*(H543-H542)*F542 -> 603.2572 | K543: =IF(J543<$B$10*(A542^$K$49*(MAX(K$58:K542)-A542))^(1/(1+$K$49))*($K$49^(1/(1+$K$49))),IF(J543/A543>D$10,IF(MAX(J$58:J542)<0.99*$B$10*(A542^$K$49*(K542-A542))^(1/(1+$K$49))*($K$49^(1/(1+$K$49))),MAX(K$58:K542),((J543/$B$10)^(1+$K$49)/(A543^($K$49)*$K$49))+A543),MAX(K$58:K542)),((J543/$B$10)^(1+$K$49)/(A543^($K$49)*$K$49))+A543) -> 872.70801 | L543: =IF(K543<K542,AE542*(MAX(Z$58:Z542)-J542/A542)/(J542/A542/D$10-1)/(1+1*(MAX(Z$58:Z542)-J542/A542)/(J542/A542/D$10-1))+B$3-B$4,AE542*(J543/A543/B$10)/(C$27+J543/A543/B$10)) -> -0.13377981 | M543: =M542+L543*2*(K543-K542)/(K542+K543) -> -0.031493956 | N543: =N542+(B$3-B$4)*2*(K543-K542)/(K542+K543) -> 0.015322136 | O543: =(D$10-Z543)/MAX(Z$58:Z543) -> -0.10553381 | P543: =P542+$B$4*2*(A543-A542)/(A543+A542) -> 0.0047531534 | Q543: =M543+N543 -> -0.01617182 | R543: =R542-(Q543-Q542+P543-P542)*R542 -> 1.6214074 | S543: =$C$21*(R543-1)+1 -> 1.6132198 | T543: =-(S543-S542)/S542+T542 -> -0.011324867 | U543: =(N543-N542)/(K$49/(1+K$49)*(AC543^(1+K$49)-(J543/A543)^(1+K$49))/(J543/A543)^K$49)*K$50+U542 -> 0.062681179 | V543: =IF(D$6="E",-IF(K542=$B$6,-V542+(H543-H542)*(1-E542)+(I543-I542)*E542,-V542+(H543-H542)*(1-E542)+(I543-I542)*E542+(U543-U542)*(1-E542)),IF(K542=$B$6,V542+(H543-H542)*(1-E542)+(I543-I542)*E542,V542+(H543-H542)*(1-E542)+(I543-I542)*E542+(U543-U542)*(1-E542))) -> 0.066515842 | W543: =T543/3+V543 -> 0.062740886 | X543: =IF(D$6="E",-B543,B543) -> 724.93953 | Y543: =IF(D$6="E",-J543,J543) -> 603.2572 | Z543: =J543/A543 -> 1.3659277 | AA543: =B$8/A543^B$3*((1+K$49)/K$49)^-B$3 -> 1.656044 | AB543: =(R543-AA543) -> -0.034636569 | AC543: =IF(R$58>=AA$58,B$10,IF(K543<K542,(Z543-D$10)*(1+1.25*(D$10-Z543)/MAX(Z$58:Z543)*B$10)+D$10,B$10)) -> 1.3825966 | AD543: =IF(K543>K542,(1-A543/K543)/((J543+0.01)/A543/$B$10)^(1+K$49)+A543/K543+0.01,(1-A543/K543)/((J543+0.01)/A543/$D$10)^(1+K$49)+A543/K543+0.01) -> 1.0221121 | AE543: =IF(ABS(-LN(1-(R543-AA543)/R543)/LN(AD543))<1.2*B$3,1.2*SIGN(-LN(1-(R543-AA543)/R543)/LN(AD543))*B$3,-LN(1-(R543-AA543)/R543)/LN(AD543)) -> -0.96643328 | AF543: =W543 -> 0.062740886 | AG543: =IF(D$6="E",-B543,IF(D$6="T",-B543,B543)) -> 724.93953 | AH543: =T543 -> -0.011324867
A544: =IF(J543/A543<=0.99*$B$10,IF(A543>A542,IF(D$5>0,$A543+($D$7-$D$3)/401,IF(J543/A543>1.01*D$10,A543-($D$7-$D$3)/401,A543)),IF(D$5<0,$A543+($D$7-$D$3)/401,IF(J543/A543>1.01*D$10,A543-($D$7-$D$3)/401,A543))),IF(K543>$B$6,IF(B$10>D$10,IF(J543/A543>1.01*D$10,A543-($D$7-$D$3)/401,A543),A543),IF(MAX(J$58:J543)<0.99*$B$10*(A543^$K$49*(K543-A543))^(1/(1+$K$49))*($K$49^(1/(1+$K$49))),$A543+($D$7-$D$3)/401,IF(J543/A543>1.01*$D$10,$A543-($D$7-$D$3)/401,A543)))) -> 442.14526 | B544: =$D$4+(A544-$D$3)*$D$5 -> 726.43579 | C544: =2/PI()*(ATAN((B544/A544)^2))/(1+C$12/C$14*10*(100/A543)^0.5) -> 0.61368983 | D544: =3*G543*(I544-I543)+D543 -> 14045.417 | E544: =(1/$C$16)*($C$12/100)/S544 -> 0.0089614798 | F544: =3*(1-2*$B$9)*(A545+A544)/(4*(1+$B$9)*$B$4) -> 67320.923 | G544: =$C$18*$C$17*(A544+100)/100/(2*(1+$C$19))*1000 -> 4144158.4 | H544: =(B544-B543)/(3*(1-E543)*F543+3*C543*E543*G543)+H543 -> 0.0044350457 | I544: =C543*(H544-H543)+I543 -> 0.0013804839 | J544: =J543+3*(H544-H543)*F543 -> 604.38262 | K544: =IF(J544<$B$10*(A543^$K$49*(MAX(K$58:K543)-A543))^(1/(1+$K$49))*($K$49^(1/(1+$K$49))),IF(J544/A544>D$10,IF(MAX(J$58:J543)<0.99*$B$10*(A543^$K$49*(K543-A543))^(1/(1+$K$49))*($K$49^(1/(1+$K$49))),MAX(K$58:K543),((J544/$B$10)^(1+$K$49)/(A544^($K$49)*$K$49))+A544),MAX(K$58:K543)),((J544/$B$10)^(1+$K$49)/(A544^($K$49)*$K$49))+A544) -> 874.32854 | L544: =IF(K544<K543,AE543*(MAX(Z$58:Z543)-J543/A543)/(J543/A543/D$10-1)/(1+1*(MAX(Z$58:Z543)-J543/A543)/(J543/A543/D$10-1))+B$3-B$4,AE543*(J544/A544/B$10)/(C$27+J544/A544/B$10)) -> -0.13671898 | M544: =M543+L544*2*(K544-K543)/(K543+K544) -> -0.031747594 | N544: =N543+(B$3-B$4)*2*(K544-K543)/(K543+K544) -> 0.01534143 | O544: =(D$10-Z544)/MAX(Z$58:Z544) -> -0.10619115 | P544: =P543+$B$4*2*(A544-A543)/(A544+A543) -> 0.0047599254 | Q544: =M544+N544 -> -0.016406164 | R544: =R543-(Q544-Q543+P544-P543)*R543 -> 1.6217764 | S544: =$C$21*(R544-1)+1 -> 1.613584 | T544: =-(S544-S543)/S543+T543 -> -0.011550581 | U544: =(N544-N543)/(K$49/(1+K$49)*(AC544^(1+K$49)-(J544/A544)^(1+K$49))/(J544/A544)^K$49)*K$50+U543 -> 0.063905864 | V544: =IF(D$6="E",-IF(K543=$B$6,-V543+(H544-H543)*(1-E543)+(I544-I543)*E543,-V543+(H544-H543)*(1-E543)+(I544-I543)*E543+(U544-U543)*(1-E543)),IF(K543=$B$6,V543+(H544-H543)*(1-E543)+(I544-I543)*E543,V543+(H544-H543)*(1-E543)+(I544-I543)*E543+(U544-U543)*(1-E543))) -> 0.067735109 | W544: =T544/3+V544 -> 0.063884915 | X544: =IF(D$6="E",-B544,B544) -> 726.43579 | Y544: =IF(D$6="E",-J544,J544) -> 604.38262 | Z544: =J544/A544 -> 1.3669322 | AA544: =B$8/A544^B$3*((1+K$49)/K$49)^-B$3 -> 1.6560133 | AB544: =(R544-AA544) -> -0.034236929 | AC544: =IF(R$58>=AA$58,B$10,IF(K544<K543,(Z544-D$10)*(1+1.25*(D$10-Z544)/MAX(Z$58:Z544)*B$10)+D$10,B$10)) -> 1.3825966 | AD544: =IF(K544>K543,(1-A544/K544)/((J544+0.01)/A544/$B$10)^(1+K$49)+A544/K544+0.01,(1-A544/K544)/((J544+0.01)/A544/$D$10)^(1+K$49)+A544/K544+0.01) -> 1.0213771 | AE544: =IF(ABS(-LN(1-(R544-AA544)/R544)/LN(AD544))<1.2*B$3,1.2*SIGN(-LN(1-(R544-AA544)/R544)/LN(AD544))*B$3,-LN(1-(R544-AA544)/R544)/LN(AD544)) -> -0.98766869 | AF544: =W544 -> 0.063884915 | AG544: =IF(D$6="E",-B544,IF(D$6="T",-B544,B544)) -> 726.43579 | AH544: =T544 -> -0.011550581
A545: =IF(J544/A544<=0.99*$B$10,IF(A544>A543,IF(D$5>0,$A544+($D$7-$D$3)/401,IF(J544/A544>1.01*D$10,A544-($D$7-$D$3)/401,A544)),IF(D$5<0,$A544+($D$7-$D$3)/401,IF(J544/A544>1.01*D$10,A544-($D$7-$D$3)/401,A544))),IF(K544>$B$6,IF(B$10>D$10,IF(J544/A544>1.01*D$10,A544-($D$7-$D$3)/401,A544),A544),IF(MAX(J$58:J544)<0.99*$B$10*(A544^$K$49*(K544-A544))^(1/(1+$K$49))*($K$49^(1/(1+$K$49))),$A544+($D$7-$D$3)/401,IF(J544/A544>1.01*$D$10,$A544-($D$7-$D$3)/401,A544)))) -> 442.64401 | B545: =$D$4+(A545-$D$3)*$D$5 -> 727.93204 | C545: =2/PI()*(ATAN((B545/A545)^2))/(1+C$12/C$14*10*(100/A544)^0.5) -> 0.61406726 | D545: =3*G544*(I545-I544)+D544 -> 14087.931 | E545: =(1/$C$16)*($C$12/100)/S545 -> 0.0089594099 | F545: =3*(1-2*$B$9)*(A546+A545)/(4*(1+$B$9)*$B$4) -> 67396.82 | G545: =$C$18*$C$17*(A545+100)/100/(2*(1+$C$19))*1000 -> 4147970.9 | H545: =(B545-B544)/(3*(1-E544)*F544+3*C544*E544*G544)+H544 -> 0.0044406178 | I545: =C544*(H545-H544)+I544 -> 0.0013839035 | J545: =J544+3*(H545-H544)*F544 -> 605.50798 | K545: =IF(J545<$B$10*(A544^$K$49*(MAX(K$58:K544)-A544))^(1/(1+$K$49))*($K$49^(1/(1+$K$49))),IF(J545/A545>D$10,IF(MAX(J$58:J544)<0.99*$B$10*(A544^$K$49*(K544-A544))^(1/(1+$K$49))*($K$49^(1/(1+$K$49))),MAX(K$58:K544),((J545/$B$10)^(1+$K$49)/(A545^($K$49)*$K$49))+A545),MAX(K$58:K544)),((J545/$B$10)^(1+$K$49)/(A545^($K$49)*$K$49))+A545) -> 875.94946 | L545: =IF(K545<K544,AE544*(MAX(Z$58:Z544)-J544/A544)/(J544/A544/D$10-1)/(1+1*(MAX(Z$58:Z544)-J544/A544)/(J544/A544/D$10-1))+B$3-B$4,AE544*(J545/A545/B$10)/(C$27+J545/A545/B$10)) -> -0.13981104 | M545: =M544+L545*2*(K545-K544)/(K544+K545) -> -0.03200655 | N545: =N544+(B$3-B$4)*2*(K545-K544)/(K544+K545) -> 0.015360693 | O545: =(D$10-Z545)/MAX(Z$58:Z545) -> -0.10684596 | P545: =P544+$B$4*2*(A545-A544)/(A545+A544) -> 0.0047666898 | Q545: =M545+N545 -> -0.016645858 | R545: =R544-(Q545-Q544+P545-P544)*R544 -> 1.6221541 | S545: =$C$21*(R545-1)+1 -> 1.6139567 | T545: =-(S545-S544)/S544+T544 -> -0.011781608 | U545: =(N545-N544)/(K$49/(1+K$49)*(AC545^(1+K$49)-(J545/A545)^(1+K$49))/(J545/A545)^K$49)*K$50+U544 -> 0.065212627 | V545: =IF(D$6="E",-IF(K544=$B$6,-V544+(H545-H544)*(1-E544)+(I545-I544)*E544,-V544+(H545-H544)*(1-E544)+(I545-I544)*E544+(U545-U544)*(1-E544)),IF(K544=$B$6,V544+(H545-H544)*(1-E544)+(I545-I544)*E544,V544+(H545-H544)*(1-E544)+(I545-I544)*E544+(U545-U544)*(1-E544))) -> 0.069035714 | W545: =T545/3+V545 -> 0.065108511 | X545: =IF(D$6="E",-B545,B545) -> 727.93204 | Y545: =IF(D$6="E",-J545,J545) -> 605.50798 | Z545: =J545/A545 -> 1.3679344 | AA545: =B$8/A545^B$3*((1+K$49)/K$49)^-B$3 -> 1.6559827 | AB545: =(R545-AA545) -> -0.033828552 | AC545: =IF(R$58>=AA$58,B$10,IF(K545<K544,(Z545-D$10)*(1+1.25*(D$10-Z545)/MAX(Z$58:Z545)*B$10)+D$10,B$10)) -> 1.3825966 | AD545: =IF(K545>K544,(1-A545/K545)/((J545+0.01)/A545/$B$10)^(1+K$49)+A545/K545+0.01,(1-A545/K545)/((J545+0.01)/A545/$D$10)^(1+K$49)+A545/K545+0.01) -> 1.0206444 | AE545: =IF(ABS(-LN(1-(R545-AA545)/R545)/LN(AD545))<1.2*B$3,1.2*SIGN(-LN(1-(R545-AA545)/R545)/LN(AD545))*B$3,-LN(1-(R545-AA545)/R545)/LN(AD545)) -> -1.0100539 | AF545: =W545 -> 0.065108511 | AG545: =IF(D$6="E",-B545,IF(D$6="T",-B545,B545)) -> 727.93204 | AH545: =T545 -> -0.011781608
A546: =IF(J545/A545<=0.99*$B$10,IF(A545>A544,IF(D$5>0,$A545+($D$7-$D$3)/401,IF(J545/A545>1.01*D$10,A545-($D$7-$D$3)/401,A545)),IF(D$5<0,$A545+($D$7-$D$3)/401,IF(J545/A545>1.01*D$10,A545-($D$7-$D$3)/401,A545))),IF(K545>$B$6,IF(B$10>D$10,IF(J545/A545>1.01*D$10,A545-($D$7-$D$3)/401,A545),A545),IF(MAX(J$58:J545)<0.99*$B$10*(A545^$K$49*(K545-A545))^(1/(1+$K$49))*($K$49^(1/(1+$K$49))),$A545+($D$7-$D$3)/401,IF(J545/A545>1.01*$D$10,$A545-($D$7-$D$3)/401,A545)))) -> 443.14277 | B546: =$D$4+(A546-$D$3)*$D$5 -> 729.4283 | C546: =2/PI()*(ATAN((B546/A546)^2))/(1+C$12/C$14*10*(100/A545)^0.5) -> 0.61444327 | D546: =3*G545*(I546-I545)+D545 -> 14130.459 | E546: =(1/$C$16)*($C$12/100)/S546 -> 0.0089572904 | F546: =3*(1-2*$B$9)*(A547+A546)/(4*(1+$B$9)*$B$4) -> 67396.82 | G546: =$C$18*$C$17*(A546+100)/100/(2*(1+$C$19))*1000 -> 4151783.3 | H546: =(B546-B545)/(3*(1-E545)*F545+3*C545*E545*G545)+H545 -> 0.0044461834 | I546: =C545*(H546-H545)+I545 -> 0.0013873211 | J546: =J545+3*(H546-H545)*F545 -> 606.63329 | K546: =IF(J546<$B$10*(A545^$K$49*(MAX(K$58:K545)-A545))^(1/(1+$K$49))*($K$49^(1/(1+$K$49))),IF(J546/A546>D$10,IF(MAX(J$58:J545)<0.99*$B$10*(A545^$K$49*(K545-A545))^(1/(1+$K$49))*($K$49^(1/(1+$K$49))),MAX(K$58:K545),((J546/$B$10)^(1+$K$49)/(A546^($K$49)*$K$49))+A546),MAX(K$58:K545)),((J546/$B$10)^(1+$K$49)/(A546^($K$49)*$K$49))+A546) -> 877.57077 | L546: =IF(K546<K545,AE545*(MAX(Z$58:Z545)-J545/A545)/(J545/A545/D$10-1)/(1+1*(MAX(Z$58:Z545)-J545/A545)/(J545/A545/D$10-1))+B$3-B$4,AE545*(J546/A546/B$10)/(C$27+J546/A546/B$10)) -> -0.14306951 | M546: =M545+L546*2*(K546-K545)/(K545+K546) -> -0.032271115 | N546: =N545+(B$3-B$4)*2*(K546-K545)/(K545+K546) -> 0.015379924 | O546: =(D$10-Z546)/MAX(Z$58:Z546) -> -0.10749826 | P546: =P545+$B$4*2*(A546-A545)/(A546+A545) -> 0.0047734465 | Q546: =M546+N546 -> -0.016891191 | R546: =R545-(Q546-Q545+P546-P545)*R545 -> 1.6225412 | S546: =$C$21*(R546-1)+1 -> 1.6143387 | T546: =-(S546-S545)/S545+T545 -> -0.012018237 | U546: =(N546-N545)/(K$49/(1+K$49)*(AC546^(1+K$49)-(J546/A546)^(1+K$49))/(J546/A546)^K$49)*K$50+U545 -> 0.066613272 | V546: =IF(D$6="E",-IF(K545=$B$6,-V545+(H546-H545)*(1-E545)+(I546-I545)*E545,-V545+(H546-H545)*(1-E545)+(I546-I545)*E545+(U546-U545)*(1-E545)),IF(K545=$B$6,V545+(H546-H545)*(1-E545)+(I546-I545)*E545,V545+(H546-H545)*(1-E545)+(I546-I545)*E545+(U546-U545)*(1-E545))) -> 0.070429357 | W546: =T546/3+V546 -> 0.066423278 | X546: =IF(D$6="E",-B546,B546) -> 729.4283 | Y546: =IF(D$6="E",-J546,J546) -> 606.63329 | Z546: =J546/A546 -> 1.3689342 | AA546: =B$8/A546^B$3*((1+K$49)/K$49)^-B$3 -> 1.6559521 | AB546: =(R546-AA546) -> -0.033410961 | AC546: =IF(R$58>=AA$58,B$10,IF(K546<K545,(Z546-D$10)*(1+1.25*(D$10-Z546)/MAX(Z$58:Z546)*B$10)+D$10,B$10)) -> 1.3825966 | AD546: =IF(K546>K545,(1-A546/K546)/((J546+0.01)/A546/$B$10)^(1+K$49)+A546/K546+0.01,(1-A546/K546)/((J546+0.01)/A546/$D$10)^(1+K$49)+A546/K546+0.01) -> 1.0199139 | AE546: =IF(ABS(-LN(1-(R546-AA546)/R546)/LN(AD546))<1.2*B$3,1.2*SIGN(-LN(1-(R546-AA546)/R546)/LN(AD546))*B$3,-LN(1-(R546-AA546)/R546)/LN(AD546)) -> -1.0336942 | AF546: =W546 -> 0.066423278 | AG546: =IF(D$6="E",-B546,IF(D$6="T",-B546,B546)) -> 729.4283 | AH546: =T546 -> -0.012018237
A547: =IF(J546/A546<=0.99*$B$10,IF(A546>A545,IF(D$5>0,$A546+($D$7-$D$3)/401,IF(J546/A546>1.01*D$10,A546-($D$7-$D$3)/401,A546)),IF(D$5<0,$A546+($D$7-$D$3)/401,IF(J546/A546>1.01*D$10,A546-($D$7-$D$3)/401,A546))),IF(K546>$B$6,IF(B$10>D$10,IF(J546/A546>1.01*D$10,A546-($D$7-$D$3)/401,A546),A546),IF(MAX(J$58:J546)<0.99*$B$10*(A546^$K$49*(K546-A546))^(1/(1+$K$49))*($K$49^(1/(1+$K$49))),$A546+($D$7-$D$3)/401,IF(J546/A546>1.01*$D$10,$A546-($D$7-$D$3)/401,A546)))) -> 442.64401 | B547: =$D$4+(A547-$D$3)*$D$5 -> 727.93204 | C547: =2/PI()*(ATAN((B547/A547)^2))/(1+C$12/C$14*10*(100/A546)^0.5) -> 0.61421056 | D547: =3*G546*(I547-I546)+D546 -> 14087.88 | E547: =(1/$C$16)*($C$12/100)/S547 -> 0.0089568887 | F547: =3*(1-2*$B$9)*(A548+A547)/(4*(1+$B$9)*$B$4) -> 67320.923 | G547: =$C$18*$C$17*(A547+100)/100/(2*(1+$C$19))*1000 -> 4147970.9 | H547: =(B547-B546)/(3*(1-E546)*F546+3*C546*E546*G546)+H546 -> 0.0044406197 | I547: =C546*(H547-H546)+I546 -> 0.0013839025 | J547: =J546+3*(H547-H546)*F546 -> 605.50835 | K547: =IF(J547<$B$10*(A546^$K$49*(MAX(K$58:K546)-A546))^(1/(1+$K$49))*($K$49^(1/(1+$K$49))),IF(J547/A547>D$10,IF(MAX(J$58:J546)<0.99*$B$10*(A546^$K$49*(K546-A546))^(1/(1+$K$49))*($K$49^(1/(1+$K$49))),MAX(K$58:K546),((J547/$B$10)^(1+$K$49)/(A547^($K$49)*$K$49))+A547),MAX(K$58:K546)),((J547/$B$10)^(1+$K$49)/(A547^($K$49)*$K$49))+A547) -> 875.95 | L547: =IF(K547<K546,AE546*(MAX(Z$58:Z546)-J546/A546)/(J546/A546/D$10-1)/(1+1*(MAX(Z$58:Z546)-J546/A546)/(J546/A546/D$10-1))+B$3-B$4,AE546*(J547/A547/B$10)/(C$27+J547/A547/B$10)) -> 0.0104 | M547: =M546+L547*2*(K547-K546)/(K546+K547) -> -0.03229034 | N547: =N546+(B$3-B$4)*2*(K547-K546)/(K546+K547) -> 0.015360699 | O547: =(D$10-Z547)/MAX(Z$58:Z547) -> -0.10676854 | P547: =P546+$B$4*2*(A547-A546)/(A547+A546) -> 0.0047666898 | Q547: =M547+N547 -> -0.016929642 | R547: =R546-(Q547-Q546+P547-P546)*R546 -> 1.6226145 | S547: =$C$21*(R547-1)+1 -> 1.614411 | T547: =-(S547-S546)/S546+T546 -> -0.012063075 | U547: =(N547-N546)/(K$49/(1+K$49)*(AC547^(1+K$49)-(J547/A547)^(1+K$49))/(J547/A547)^K$49)*K$50+U546 -> 0.067333223 | V547: =IF(D$6="E",-IF(K546=$B$6,-V546+(H547-H546)*(1-E546)+(I547-I546)*E546,-V546+(H547-H546)*(1-E546)+(I547-I546)*E546+(U547-U546)*(1-E546)),IF(K546=$B$6,V546+(H547-H546)*(1-E546)+(I547-I546)*E546,V546+(H547-H546)*(1-E546)+(I547-I546)*E546+(U547-U546)*(1-E546))) -> 0.071137315 | W547: =T547/3+V547 -> 0.067116289 | X547: =IF(D$6="E",-B547,B547) -> 727.93204 | Y547: =IF(D$6="E",-J547,J547) -> 605.50835 | Z547: =J547/A547 -> 1.3679352 | AA547: =B$8/A547^B$3*((1+K$49)/K$49)^-B$3 -> 1.6559827 | AB547: =(R547-AA547) -> -0.033368193 | AC547: =IF(R$58>=AA$58,B$10,IF(K547<K546,(Z547-D$10)*(1+1.25*(D$10-Z547)/MAX(Z$58:Z547)*B$10)+D$10,B$10)) -> 1.3409656 | AD547: =IF(K547>K546,(1-A547/K547)/((J547+0.01)/A547/$B$10)^(1+K$49)+A547/K547+0.01,(1-A547/K547)/((J547+0.01)/A547/$D$10)^(1+K$49)+A547/K547+0.01) -> 0.90992673 | AE547: =IF(ABS(-LN(1-(R547-AA547)/R547)/LN(AD547))<1.2*B$3,1.2*SIGN(-LN(1-(R547-AA547)/R547)/LN(AD547))*B$3,-LN(1-(R547-AA547)/R547)/LN(AD547)) -> 0.2156543 | AF547: =W547 -> 0.067116289 | AG547: =IF(D$6="E",-B547,IF(D$6="T",-B547,B547)) -> 727.93204 | AH547: =T547 -> -0.012063075
A548: =IF(J547/A547<=0.99*$B$10,IF(A547>A546,IF(D$5>0,$A547+($D$7-$D$3)/401,IF(J547/A547>1.01*D$10,A547-($D$7-$D$3)/401,A547)),IF(D$5<0,$A547+($D$7-$D$3)/401,IF(J547/A547>1.01*D$10,A547-($D$7-$D$3)/401,A547))),IF(K547>$B$6,IF(B$10>D$10,IF(J547/A547>1.01*D$10,A547-($D$7-$D$3)/401,A547),A547),IF(MAX(J$58:J547)<0.99*$B$10*(A547^$K$49*(K547-A547))^(1/(1+$K$49))*($K$49^(1/(1+$K$49))),$A547+($D$7-$D$3)/401,IF(J547/A547>1.01*$D$10,$A547-($D$7-$D$3)/401,A547)))) -> 442.14526 | B548: =$D$4+(A548-$D$3)*$D$5 -> 726.43579 | C548: =2/PI()*(ATAN((B548/A548)^2))/(1+C$12/C$14*10*(100/A547)^0.5) -> 0.61383326 | D548: =3*G547*(I548-I547)+D547 -> 14045.305 | E548: =(1/$C$16)*($C$12/100)/S548 -> 0.0089564572 | F548: =3*(1-2*$B$9)*(A549+A548)/(4*(1+$B$9)*$B$4) -> 67245.026 | G548: =$C$18*$C$17*(A548+100)/100/(2*(1+$C$19))*1000 -> 4144158.4 | H548: =(B548-B547)/(3*(1-E547)*F547+3*C547*E547*G547)+H547 -> 0.0044350494 | I548: =C547*(H548-H547)+I547 -> 0.0013804812 | J548: =J547+3*(H548-H547)*F547 -> 604.38335 | K548: =IF(J548<$B$10*(A547^$K$49*(MAX(K$58:K547)-A547))^(1/(1+$K$49))*($K$49^(1/(1+$K$49))),IF(J548/A548>D$10,IF(MAX(J$58:J547)<0.99*$B$10*(A547^$K$49*(K547-A547))^(1/(1+$K$49))*($K$49^(1/(1+$K$49))),MAX(K$58:K547),((J548/$B$10)^(1+$K$49)/(A548^($K$49)*$K$49))+A548),MAX(K$58:K547)),((J548/$B$10)^(1+$K$49)/(A548^($K$49)*$K$49))+A548) -> 874.3296 | L548: =IF(K548<K547,AE547*(MAX(Z$58:Z547)-J547/A547)/(J547/A547/D$10-1)/(1+1*(MAX(Z$58:Z547)-J547/A547)/(J547/A547/D$10-1))+B$3-B$4,AE547*(J548/A548/B$10)/(C$27+J548/A548/B$10)) -> 0.012185879 | M548: =M547+L548*2*(K548-K547)/(K547+K548) -> -0.032312904 | N548: =N547+(B$3-B$4)*2*(K548-K547)/(K547+K548) -> 0.015341442 | O548: =(D$10-Z548)/MAX(Z$58:Z548) -> -0.10603707 | P548: =P547+$B$4*2*(A548-A547)/(A548+A547) -> 0.0047599254 | Q548: =M548+N548 -> -0.016971461 | R548: =R547-(Q548-Q547+P548-P547)*R547 -> 1.6226933 | S548: =$C$21*(R548-1)+1 -> 1.6144888 | T548: =-(S548-S547)/S547+T547 -> -0.012111263 | U548: =(N548-N547)/(K$49/(1+K$49)*(AC548^(1+K$49)-(J548/A548)^(1+K$49))/(J548/A548)^K$49)*K$50+U547 -> 0.06806423 | V548: =IF(D$6="E",-IF(K547=$B$6,-V547+(H548-H547)*(1-E547)+(I548-I547)*E547,-V547+(H548-H547)*(1-E547)+(I548-I547)*E547+(U548-U547)*(1-E547)),IF(K547=$B$6,V547+(H548-H547)*(1-E547)+(I548-I547)*E547,V547+(H548-H547)*(1-E547)+(I548-I547)*E547+(U548-U547)*(1-E547))) -> 0.071856223 | W548: =T548/3+V548 -> 0.067819135 | X548: =IF(D$6="E",-B548,B548) -> 726.43579 | Y548: =IF(D$6="E",-J548,J548) -> 604.38335 | Z548: =J548/A548 -> 1.3669339 | AA548: =B$8/A548^B$3*((1+K$49)/K$49)^-B$3 -> 1.6560133 | AB548: =(R548-AA548) -> -0.033319978 | AC548: =IF(R$58>=AA$58,B$10,IF(K548<K547,(Z548-D$10)*(1+1.25*(D$10-Z548)/MAX(Z$58:Z548)*B$10)+D$10,B$10)) -> 1.3403326 | AD548: =IF(K548>K547,(1-A548/K548)/((J548+0.01)/A548/$B$10)^(1+K$49)+A548/K548+0.01,(1-A548/K548)/((J548+0.01)/A548/$D$10)^(1+K$49)+A548/K548+0.01) -> 0.91057867 | AE548: =IF(ABS(-LN(1-(R548-AA548)/R548)/LN(AD548))<1.2*B$3,1.2*SIGN(-LN(1-(R548-AA548)/R548)/LN(AD548))*B$3,-LN(1-(R548-AA548)/R548)/LN(AD548)) -> 0.21698188 | AF548: =W548 -> 0.067819135 | AG548: =IF(D$6="E",-B548,IF(D$6="T",-B548,B548)) -> 726.43579 | AH548: =T548 -> -0.012111263
A549: =IF(J548/A548<=0.99*$B$10,IF(A548>A547,IF(D$5>0,$A548+($D$7-$D$3)/401,IF(J548/A548>1.01*D$10,A548-($D$7-$D$3)/401,A548)),IF(D$5<0,$A548+($D$7-$D$3)/401,IF(J548/A548>1.01*D$10,A548-($D$7-$D$3)/401,A548))),IF(K548>$B$6,IF(B$10>D$10,IF(J548/A548>1.01*D$10,A548-($D$7-$D$3)/401,A548),A548),IF(MAX(J$58:J548)<0.99*$B$10*(A548^$K$49*(K548-A548))^(1/(1+$K$49))*($K$49^(1/(1+$K$49))),$A548+($D$7-$D$3)/401,IF(J548/A548>1.01*$D$10,$A548-($D$7-$D$3)/401,A548)))) -> 441.64651 | B549: =$D$4+(A549-$D$3)*$D$5 -> 724.93953 | C549: =2/PI()*(ATAN((B549/A549)^2))/(1+C$12/C$14*10*(100/A548)^0.5) -> 0.61345452 | D549: =3*G548*(I549-I548)+D548 -> 14002.742 | E549: =(1/$C$16)*($C$12/100)/S549 -> 0.0089559951 | F549: =3*(1-2*$B$9)*(A550+A549)/(4*(1+$B$9)*$B$4) -> 67169.129 | G549: =$C$18*$C$17*(A549+100)/100/(2*(1+$C$19))*1000 -> 4140345.9 | H549: =(B549-B548)/(3*(1-E548)*F548+3*C548*E548*G548)+H548 -> 0.0044294721 | I549: =C548*(H549-H548)+I548 -> 0.0013770577 | J549: =J548+3*(H549-H548)*F548 -> 603.25823 | K549: =IF(J549<$B$10*(A548^$K$49*(MAX(K$58:K548)-A548))^(1/(1+$K$49))*($K$49^(1/(1+$K$49))),IF(J549/A549>D$10,IF(MAX(J$58:J548)<0.99*$B$10*(A548^$K$49*(K548-A548))^(1/(1+$K$49))*($K$49^(1/(1+$K$49))),MAX(K$58:K548),((J549/$B$10)^(1+$K$49)/(A549^($K$49)*$K$49))+A549),MAX(K$58:K548)),((J549/$B$10)^(1+$K$49)/(A549^($K$49)*$K$49))+A549) -> 872.70948 | L549: =IF(K549<K548,AE548*(MAX(Z$58:Z548)-J548/A548)/(J548/A548/D$10-1)/(1+1*(MAX(Z$58:Z548)-J548/A548)/(J548/A548/D$10-1))+B$3-B$4,AE548*(J549/A549/B$10)/(C$27+J549/A549/B$10)) -> 0.013992637 | M549: =M548+L549*2*(K549-K548)/(K548+K549) -> -0.032338856 | N549: =N548+(B$3-B$4)*2*(K549-K548)/(K548+K549) -> 0.015322153 | O549: =(D$10-Z549)/MAX(Z$58:Z549) -> -0.10530373 | P549: =P548+$B$4*2*(A549-A548)/(A549+A548) -> 0.0047531534 | Q549: =M549+N549 -> -0.017016703 | R549: =R548-(Q549-Q548+P549-P548)*R548 -> 1.6227777 | S549: =$C$21*(R549-1)+1 -> 1.6145721 | T549: =-(S549-S548)/S548+T548 -> -0.012162852 | U549: =(N549-N548)/(K$49/(1+K$49)*(AC549^(1+K$49)-(J549/A549)^(1+K$49))/(J549/A549)^K$49)*K$50+U548 -> 0.068806605 | V549: =IF(D$6="E",-IF(K548=$B$6,-V548+(H549-H548)*(1-E548)+(I549-I548)*E548,-V548+(H549-H548)*(1-E548)+(I549-I548)*E548+(U549-U548)*(1-E548)),IF(K548=$B$6,V548+(H549-H548)*(1-E548)+(I549-I548)*E548,V548+(H549-H548)*(1-E548)+(I549-I548)*E548+(U549-U548)*(1-E548))) -> 0.072586391 | W549: =T549/3+V549 -> 0.068532107 | X549: =IF(D$6="E",-B549,B549) -> 724.93953 | Y549: =IF(D$6="E",-J549,J549) -> 603.25823 | Z549: =J549/A549 -> 1.36593 | AA549: =B$8/A549^B$3*((1+K$49)/K$49)^-B$3 -> 1.656044 | AB549: =(R549-AA549) -> -0.03326623 | AC549: =IF(R$58>=AA$58,B$10,IF(K549<K548,(Z549-D$10)*(1+1.25*(D$10-Z549)/MAX(Z$58:Z549)*B$10)+D$10,B$10)) -> 1.3396954 | AD549: =IF(K549>K548,(1-A549/K549)/((J549+0.01)/A549/$B$10)^(1+K$49)+A549/K549+0.01,(1-A549/K549)/((J549+0.01)/A549/$D$10)^(1+K$49)+A549/K549+0.01) -> 0.91123274 | AE549: =IF(ABS(-LN(1-(R549-AA549)/R549)/LN(AD549))<1.2*B$3,1.2*SIGN(-LN(1-(R549-AA549)/R549)/LN(AD549))*B$3,-LN(1-(R549-AA549)/R549)/LN(AD549)) -> 0.21829754 | AF549: =W549 -> 0.068532107 | AG549: =IF(D$6="E",-B549,IF(D$6="T",-B549,B549)) -> 724.93953 | AH549: =T549 -> -0.012162852
A550: =IF(J549/A549<=0.99*$B$10,IF(A549>A548,IF(D$5>0,$A549+($D$7-$D$3)/401,IF(J549/A549>1.01*D$10,A549-($D$7-$D$3)/401,A549)),IF(D$5<0,$A549+($D$7-$D$3)/401,IF(J549/A549>1.01*D$10,A549-($D$7-$D$3)/401,A549))),IF(K549>$B$6,IF(B$10>D$10,IF(J549/A549>1.01*D$10,A549-($D$7-$D$3)/401,A549),A549),IF(MAX(J$58:J549)<0.99*$B$10*(A549^$K$49*(K549-A549))^(1/(1+$K$49))*($K$49^(1/(1+$K$49))),$A549+($D$7-$D$3)/401,IF(J549/A549>1.01*$D$10,$A549-($D$7-$D$3)/401,A549)))) -> 441.14776 | B550: =$D$4+(A550-$D$3)*$D$5 -> 723.44327 | C550: =2/PI()*(ATAN((B550/A550)^2))/(1+C$12/C$14*10*(100/A549)^0.5) -> 0.61307432 | D550: =3*G549*(I550-I549)+D549 -> 13960.192 | E550: =(1/$C$16)*($C$12/100)/S550 -> 0.0089555022 | F550: =3*(1-2*$B$9)*(A551+A550)/(4*(1+$B$9)*$B$4) -> 67093.232 | G550: =$C$18*$C$17*(A550+100)/100/(2*(1+$C$19))*1000 -> 4136533.4 | H550: =(B550-B549)/(3*(1-E549)*F549+3*C549*E549*G549)+H549 -> 0.0044238879 | I550: =C549*(H550-H549)+I549 -> 0.001373632 | J550: =J549+3*(H550-H549)*F549 -> 602.13297 | K550: =IF(J550<$B$10*(A549^$K$49*(MAX(K$58:K549)-A549))^(1/(1+$K$49))*($K$49^(1/(1+$K$49))),IF(J550/A550>D$10,IF(MAX(J$58:J549)<0.99*$B$10*(A549^$K$49*(K549-A549))^(1/(1+$K$49))*($K$49^(1/(1+$K$49))),MAX(K$58:K549),((J550/$B$10)^(1+$K$49)/(A550^($K$49)*$K$49))+A550),MAX(K$58:K549)),((J550/$B$10)^(1+$K$49)/(A550^($K$49)*$K$49))+A550) -> 871.08963 | L550: =IF(K550<K549,AE549*(MAX(Z$58:Z549)-J549/A549)/(J549/A549/D$10-1)/(1+1*(MAX(Z$58:Z549)-J549/A549)/(J549/A549/D$10-1))+B$3-B$4,AE549*(J550/A550/B$10)/(C$27+J550/A550/B$10)) -> 0.015820235 | M550: =M549+L550*2*(K550-K549)/(K549+K550) -> -0.032368247 | N550: =N549+(B$3-B$4)*2*(K550-K549)/(K549+K550) -> 0.015302832 | O550: =(D$10-Z550)/MAX(Z$58:Z550) -> -0.10456852 | P550: =P549+$B$4*2*(A550-A549)/(A550+A549) -> 0.0047463738 | Q550: =M550+N550 -> -0.017065415 | R550: =R549-(Q550-Q549+P550-P549)*R549 -> 1.6228678 | S550: =$C$21*(R550-1)+1 -> 1.614661 | T550: =-(S550-S549)/S549+T549 -> -0.012217891 | U550: =(N550-N549)/(K$49/(1+K$49)*(AC550^(1+K$49)-(J550/A550)^(1+K$49))/(J550/A550)^K$49)*K$50+U549 -> 0.069560629 | V550: =IF(D$6="E",-IF(K549=$B$6,-V549+(H550-H549)*(1-E549)+(I550-I549)*E549,-V549+(H550-H549)*(1-E549)+(I550-I549)*E549+(U550-U549)*(1-E549)),IF(K549=$B$6,V549+(H550-H549)*(1-E549)+(I550-I549)*E549,V549+(H550-H549)*(1-E549)+(I550-I549)*E549+(U550-U549)*(1-E549))) -> 0.073328096 | W550: =T550/3+V550 -> 0.069255466 | X550: =IF(D$6="E",-B550,B550) -> 723.44327 | Y550: =IF(D$6="E",-J550,J550) -> 602.13297 | Z550: =J550/A550 -> 1.3649236 | AA550: =B$8/A550^B$3*((1+K$49)/K$49)^-B$3 -> 1.6560747 | AB550: =(R550-AA550) -> -0.033206866 | AC550: =IF(R$58>=AA$58,B$10,IF(K550<K549,(Z550-D$10)*(1+1.25*(D$10-Z550)/MAX(Z$58:Z550)*B$10)+D$10,B$10)) -> 1.339054 | AD550: =IF(K550>K549,(1-A550/K550)/((J550+0.01)/A550/$B$10)^(1+K$49)+A550/K550+0.01,(1-A550/K550)/((J550+0.01)/A550/$D$10)^(1+K$49)+A550/K550+0.01) -> 0.91188895 | AE550: =IF(ABS(-LN(1-(R550-AA550)/R550)/LN(AD550))<1.2*B$3,1.2*SIGN(-LN(1-(R550-AA550)/R550)/LN(AD550))*B$3,-LN(1-(R550-AA550)/R550)/LN(AD550)) -> 0.21960058 | AF550: =W550 -> 0.069255466 | AG550: =IF(D$6="E",-B550,IF(D$6="T",-B550,B550)) -> 723.44327 | AH550: =T550 -> -0.012217891
A551: =IF(J550/A550<=0.99*$B$10,IF(A550>A549,IF(D$5>0,$A550+($D$7-$D$3)/401,IF(J550/A550>1.01*D$10,A550-($D$7-$D$3)/401,A550)),IF(D$5<0,$A550+($D$7-$D$3)/401,IF(J550/A550>1.01*D$10,A550-($D$7-$D$3)/401,A550))),IF(K550>$B$6,IF(B$10>D$10,IF(J550/A550>1.01*D$10,A550-($D$7-$D$3)/401,A550),A550),IF(MAX(J$58:J550)<0.99*$B$10*(A550^$K$49*(K550-A550))^(1/(1+$K$49))*($K$49^(1/(1+$K$49))),$A550+($D$7-$D$3)/401,IF(J550/A550>1.01*$D$10,$A550-($D$7-$D$3)/401,A550)))) -> 440.649 | B551: =$D$4+(A551-$D$3)*$D$5 -> 721.94701 | C551: =2/PI()*(ATAN((B551/A551)^2))/(1+C$12/C$14*10*(100/A550)^0.5) -> 0.61269267 | D551: =3*G550*(I551-I550)+D550 -> 13917.654 | E551: =(1/$C$16)*($C$12/100)/S551 -> 0.008954978 | F551: =3*(1-2*$B$9)*(A552+A551)/(4*(1+$B$9)*$B$4) -> 67017.334 | G551: =$C$18*$C$17*(A551+100)/100/(2*(1+$C$19))*1000 -> 4132721 | H551: =(B551-B550)/(3*(1-E550)*F550+3*C550*E550*G550)+H550 -> 0.0044182967 | I551: =C550*(H551-H550)+I550 -> 0.0013702042 | J551: =J550+3*(H551-H550)*F550 -> 601.00758 | K551: =IF(J551<$B$10*(A550^$K$49*(MAX(K$58:K550)-A550))^(1/(1+$K$49))*($K$49^(1/(1+$K$49))),IF(J551/A551>D$10,IF(MAX(J$58:J550)<0.99*$B$10*(A550^$K$49*(K550-A550))^(1/(1+$K$49))*($K$49^(1/(1+$K$49))),MAX(K$58:K550),((J551/$B$10)^(1+$K$49)/(A551^($K$49)*$K$49))+A551),MAX(K$58:K550)),((J551/$B$10)^(1+$K$49)/(A551^($K$49)*$K$49))+A551) -> 869.47007 | L551: =IF(K551<K550,AE550*(MAX(Z$58:Z550)-J550/A550)/(J550/A550/D$10-1)/(1+1*(MAX(Z$58:Z550)-J550/A550)/(J550/A550/D$10-1))+B$3-B$4,AE550*(J551/A551/B$10)/(C$27+J551/A551/B$10)) -> 0.017668344 | M551: =M550+L551*2*(K551-K550)/(K550+K551) -> -0.032401127 | N551: =N550+(B$3-B$4)*2*(K551-K550)/(K550+K551) -> 0.015283478 | O551: =(D$10-Z551)/MAX(Z$58:Z551) -> -0.10383142 | P551: =P550+$B$4*2*(A551-A550)/(A551+A550) -> 0.0047395864 | Q551: =M551+N551 -> -0.01711765 | R551: =R550-(Q551-Q550+P551-P550)*R550 -> 1.6229636 | S551: =$C$21*(R551-1)+1 -> 1.6147555 | T551: =-(S551-S550)/S550+T550 -> -0.012276431 | U551: =(N551-N550)/(K$49/(1+K$49)*(AC551^(1+K$49)-(J551/A551)^(1+K$49))/(J551/A551)^K$49)*K$50+U550 -> 0.07032659 | V551: =IF(D$6="E",-IF(K550=$B$6,-V550+(H551-H550)*(1-E550)+(I551-I550)*E550,-V550+(H551-H550)*(1-E550)+(I551-I550)*E550+(U551-U550)*(1-E550)),IF(K550=$B$6,V550+(H551-H550)*(1-E550)+(I551-I550)*E550,V550+(H551-H550)*(1-E550)+(I551-I550)*E550+(U551-U550)*(1-E550))) -> 0.074081626 | W551: =T551/3+V551 -> 0.069989482 | X551: =IF(D$6="E",-B551,B551) -> 721.94701 | Y551: =IF(D$6="E",-J551,J551) -> 601.00758 | Z551: =J551/A551 -> 1.3639145 | AA551: =B$8/A551^B$3*((1+K$49)/K$49)^-B$3 -> 1.6561054 | AB551: =(R551-AA551) -> -0.033141806 | AC551: =IF(R$58>=AA$58,B$10,IF(K551<K550,(Z551-D$10)*(1+1.25*(D$10-Z551)/MAX(Z$58:Z551)*B$10)+D$10,B$10)) -> 1.3384083 | AD551: =IF(K551>K550,(1-A551/K551)/((J551+0.01)/A551/$B$10)^(1+K$49)+A551/K551+0.01,(1-A551/K551)/((J551+0.01)/A551/$D$10)^(1+K$49)+A551/K551+0.01) -> 0.91254732 | AE551: =IF(ABS(-LN(1-(R551-AA551)/R551)/LN(AD551))<1.2*B$3,1.2*SIGN(-LN(1-(R551-AA551)/R551)/LN(AD551))*B$3,-LN(1-(R551-AA551)/R551)/LN(AD551)) -> 0.22089023 | AF551: =W551 -> 0.069989482 | AG551: =IF(D$6="E",-B551,IF(D$6="T",-B551,B551)) -> 721.94701 | AH551: =T551 -> -0.012276431
... A620: =IF(J619/A619<=0.99*$B$10,IF(A619>A618,IF(D$5>0,$A619+($D$7-$D$3)/401,IF(J619/A619>1.01*D$10,A619-($D$7-$D$3)/401,A619)),IF(D$5<0,$A619+($D$7-$D$3)/401,IF(J619/A619>1.01*D$10,A619-($D$7-$D$3)/401,A619))),IF(K619>$B$6,IF(B$10>D$10,IF(J619/A619>1.01*D$10,A619-($D$7-$D$3)/401,A619),A619),IF(MAX(J$58:J619)<0.99*$B$10*(A619^$K$49*(K619-A619))^(1/(1+$K$49))*($K$49^(1/(1+$K$49))),$A619+($D$7-$D$3)/401,IF(J619/A619>1.01*$D$10,$A619-($D$7-$D$3)/401,A619)))) -> 406.23504 | B620: =$D$4+(A620-$D$3)*$D$5 -> 618.70511 | C620: =2/PI()*(ATAN((B620/A620)^2))/(1+C$12/C$14*10*(100/A619)^0.5) -> 0.58224612 | D620: =3*G619*(I620-I619)+D619 -> 11014.974 | E620: =(1/$C$16)*($C$12/100)/S620 -> 0.0088321299 | F620: =3*(1-2*$B$9)*(A621+A620)/(4*(1+$B$9)*$B$4) -> 30909.188 | G620: =$C$18*$C$17*(A620+100)/100/(2*(1+$C$19))*1000 -> 3869660.6 | H620: =(B620-B619)/(3*(1-E619)*F619+3*C619*E619*G619)+H619 -> 0.0040141394 | I620: =C619*(H620-H619)+I619 -> 0.0011284448 | J620: =J619+3*(H620-H619)*F619 -> 522.92918 | K620: =IF(J620<$B$10*(A619^$K$49*(MAX(K$58:K619)-A619))^(1/(1+$K$49))*($K$49^(1/(1+$K$49))),IF(J620/A620>D$10,IF(MAX(J$58:J619)<0.99*$B$10*(A619^$K$49*(K619-A619))^(1/(1+$K$49))*($K$49^(1/(1+$K$49))),MAX(K$58:K619),((J620/$B$10)^(1+$K$49)/(A620^($K$49)*$K$49))+A620),MAX(K$58:K619)),((J620/$B$10)^(1+$K$49)/(A620^($K$49)*$K$49))+A620) -> 758.37669 | L620: =IF(K620<K619,AE619*(MAX(Z$58:Z619)-J619/A619)/(J619/A619/D$10-1)/(1+1*(MAX(Z$58:Z619)-J619/A619)/(J619/A619/D$10-1))+B$3-B$4,AE619*(J620/A620/B$10)/(C$27+J620/A620/B$10)) -> 0.13587215 | M620: =M619+L620*2*(K620-K619)/(K619+K620) -> -0.044419369 | N620: =N619+(B$3-B$4)*2*(K620-K619)/(K619+K620) -> 0.01386176 | O620: =(D$10-Z620)/MAX(Z$58:Z620) -> -0.047833975 | P620: =P619+$B$4*2*(A620-A619)/(A620+A619) -> 0.004251686 | Q620: =M620+N620 -> -0.030557609 | R620: =R619-(Q620-Q619+P620-P619)*R619 -> 1.6457234 | S620: =$C$21*(R620-1)+1 -> 1.6372155 | T620: =-(S620-S619)/S619+T619 -> -0.026091413 | U620: =(N620-N619)/(K$49/(1+K$49)*(AC620^(1+K$49)-(J620/A620)^(1+K$49))/(J620/A620)^K$49)*K$50+U619 -> 0.19238606 | V620: =IF(D$6="E",-IF(K619=$B$6,-V619+(H620-H619)*(1-E619)+(I620-I619)*E619,-V619+(H620-H619)*(1-E619)+(I620-I619)*E619+(U620-U619)*(1-E619)),IF(K619=$B$6,V619+(H620-H619)*(1-E619)+(I620-I619)*E619,V619+(H620-H619)*(1-E619)+(I620-I619)*E619+(U620-U619)*(1-E619))) -> 0.1946532 | W620: =T620/3+V620 -> 0.18595606 | X620: =IF(D$6="E",-B620,B620) -> 618.70511 | Y620: =IF(D$6="E",-J620,J620) -> 522.92918 | Z620: =J620/A620 -> 1.2872577 | AA620: =B$8/A620^B$3*((1+K$49)/K$49)^-B$3 -> 1.6583154 | AB620: =(R620-AA620) -> -0.012591977 | AC620: =IF(R$58>=AA$58,B$10,IF(K620<K619,(Z620-D$10)*(1+1.25*(D$10-Z620)/MAX(Z$58:Z620)*B$10)+D$10,B$10)) -> 1.2818444 | AD620: =IF(K620>K619,(1-A620/K620)/((J620+0.01)/A620/$B$10)^(1+K$49)+A620/K620+0.01,(1-A620/K620)/((J620+0.01)/A620/$D$10)^(1+K$49)+A620/K620+0.01) -> 0.96394489 | AE620: =IF(ABS(-LN(1-(R620-AA620)/R620)/LN(AD620))<1.2*B$3,1.2*SIGN(-LN(1-(R620-AA620)/R620)/LN(AD620))*B$3,-LN(1-(R620-AA620)/R620)/LN(AD620)) -> 0.20756995 | AF620: =W620 -> 0.18595606 | AG620: =IF(D$6="E",-B620,IF(D$6="T",-B620,B620)) -> 618.70511 | AH620: =T620 -> -0.026091413
Z621: =J621/A621 -> #DIV/0!
Z622: =J622/A622 -> #DIV/0!
Z623: =J623/A623 -> #DIV/0!
Z624: =J624/A624 -> #DIV/0!
Z625: =J625/A625 -> #DIV/0!
Z626: =J626/A626 -> #DIV/0!
Z627: =J627/A627 -> #DIV/0!
Z628: =J628/A628 -> #DIV/0!
Z629: =J629/A629 -> #DIV/0!
Z630: =J630/A630 -> #DIV/0!
Z631: =J631/A631 -> #DIV/0!
Z632: =J632/A632 -> #DIV/0!
... Z750: =J750/A750 -> #DIV/0!

Sheet Graficos_resumo

Sheet Exp_res
A1: 50 KPA | B1: 0 | E1: 50 KPA | F1: 0.005 | G1: L25 | I1: 50 KPA | J1: 0.005 | K1: L51 | M1: 100 KPA | N1: 0 | Q1: 100 KPA | R1: 0.5 | S1: L25 | U1: 100 KPA | V1: 0.5 | W1: L51 | Y1: 200 KPA | Z1: 0 | AC1: 200 KPA | AD1: 0.005 | AE1: L25 | AG1: 200 KPA | AH1: 0.005 | AI1: L51 | AK1: 300 KPA | AL1: 0 | AO1: 300 KPA | AP1: 0.5 | AQ1: L25 | AS1: 300 KPA | AT1: 0.5 | AU1: L51 | AZ1: L25 | BC1: L50 | BI1: L25 | BL1: L50 | BR1: L25 | BU1: L50 | CA1: L25 | CD1: L50
A2: def. axial | B2: P.desv. | C2: def vol | E2: 0 | F2: 0 | G2: 0 | I2: 0 | J2: 0 | K2: 0 | M2: def. axial | N2: P.desv. | O2: def vol | Q2: def. axial | R2: P.desv. | S2: def vol | U2: 0 | V2: 0 | W2: 0 | Y2: def. axial | Z2: P.desv. | AA2: def vol | AC2: def. axial | AD2: P.desv. | AE2: def vol | AG2: def. axial | AH2: P.desv. | AI2: def vol | AK2: def. axial | AL2: P.desv. | AM2: def vol | AO2: def. axial | AP2: P.desv. | AQ2: def vol | AS2: def. axial | AT2: P.desv. | AU2: def vol | AW2: σ3 = 50 kPa, dq/dp=3, Pf=0% | AZ2: σ3 = 50 kPa, dq/dp=3, Pf=0,5% | BC2: σ3 = 50 kPa, dq/dp=3, Pf=0,5% | BF2: σ3 = 100 kPa, dq/dp=3, Pf=0% | BI2: σ3 = 100 kPa, dq/dp=3, Pf=0.5% | BL2: σ3 = 100 kPa, dq/dp=3, Pf=0.5% | BO2: σ3 = 200 kPa, dq/dp=3, Pf=0% | BR2: σ3 = 200 kPa, dq/dp=3, Pf=0.5% | BU2: σ3 = 200 kPa, dq/dp=3, Pf=0.5% | BX2: σ3 = 300 kPa, dq/dp=3, Pf=0% | CA2: σ3 = 300 kPa, dq/dp=3, Pf=0.5% | CD2: σ3 = 300 kPa, dq/dp=3, Pf=0.5%
A3: 0 | B3: 0 | C3: 0 | E3: 0.0010069506 | F3: 6.6927708 | G3: 0.0006538073 | I3: 0.00050301811 | J3: 16.351771 | K3: 0 | M3: 0 | N3: 0 | O3: 0 | Q3: 0 | R3: 0 | S3: 0 | U3: 0.0010062275 | V3: 72.857599 | W3: 0.00051714011 | Y3: 0 | Z3: 0 | AA3: 0 | AC3: 0 | AD3: 0 | AE3: 0 | AG3: 0 | AH3: 0 | AI3: 0 | AK3: 0 | AL3: 0 | AM3: 0 | AO3: 0 | AP3: 0 | AQ3: 0 | AS3: 0 | AT3: 0 | AU3: 0 | AW3: 0 | AX3: 0 | AY3: 0 | AZ3: 0 | BA3: 0 | BB3: 0 | BC3: 0 | BD3: 0 | BE3: 0 | BF3: 0 | BG3: 0 | BH3: 0 | BI3: 0 | BJ3: 0 | BK3: 0 | BL3: 0 | BM3: 0 | BN3: 0 | BO3: 0 | BP3: 0 | BQ3: 0 | BR3: 0 | BS3: 0 | BT3: 0 | BU3: 0 | BV3: 0 | BW3: 0 | BX3: 0 | BY3: 0 | BZ3: 0 | CA3: 0 | CB3: 0 | CC3: 0 | CD3: 0 | CE3: 0 | CF3: 0
A4: 0.0010063311 | B4: 12.717643 | C4: -0.00043677157 | I4: 0.0020120724 | J4: 59.876741 | K4: -0.0002885181 | M4: 0 | N4: 26.937904 | O4: -0.00016854857 | Q4: 0.00050371322 | R4: 37.406896 | S4: -0.0003445681 | U4: 0.0035217963 | V4: 148.09056 | W4: 0.001148454 | Y4: 0.0010090038 | Z4: 16.503331 | AA4: 0 | AC4: 0.0035248399 | AD4: 107.67684 | AE4: 0.00011466825 | AG4: 0.0030188581 | AH4: 132.47941 | AI4: 0.00017466954 | AK4: 0.00050325786 | AL4: 37.550336 | AM4: -0.00051788132 | AO4: 0.0015107032 | AP4: 75.378096 | AQ4: 0 | AS4: 0.0045287228 | AT4: 143.53392 | AU4: 0.00028229427 | AW4: 8.4601085e-06 | AX4: 0.148125 | AY4: 5.922076e-06 | AZ4: 1.2652018e-05 | BA4: 0.222 | BB4: 8.8004872e-06 | BC4: 1.623908e-05 | BD4: 0.285 | BE4: 1.1295646e-05 | BF4: 7.8178617e-06 | BG4: 0.27375 | BH4: 5.4725032e-06 | BI4: 1.0366618e-05 | BJ4: 0.36375 | BK4: 7.2107649e-06 | BL4: 1.282279e-05 | BM4: 0.45 | BN4: 8.9191045e-06 | BO4: 9.4580489e-06 | BP4: 0.4875 | BQ4: 1.2362794e-05 | BR4: 1.1932403e-05 | BS4: 0.624375 | BT4: 1.5292699e-05 | BU4: 1.4241106e-05 | BV4: 0.755625 | BW4: 1.7911264e-05 | BX4: 9.1386554e-06 | BY4: 0.703125 | BZ4: 1.2020194e-05 | CA4: 1.1185496e-05 | CB4: 0.87 | CC4: 1.4508553e-05 | CD4: 1.3733018e-05 | CE4: 1.0875 | CF4: 1.7392008e-05
A5: 0.0035221587 | B5: 44.068795 | C5: 0.00032925857 | E5: 0.0030208517 | F5: 37.402546 | G5: 0.00091667827 | I5: 0.0030181087 | J5: 92.372377 | K5: 0.0010869752 | M5: 0 | N5: 28.561902 | O5: 0.00010787108 | Q5: 0.0015111396 | R5: 61.597052 | S5: 0.0012161227 | U5: 0.0055342513 | V5: 210.46483 | W5: 0.0016118653 | Y5: 0.0020180076 | Z5: 26.310334 | AA5: 0.00065370126 | AC5: 0.0055390342 | AD5: 172.60509 | AE5: 0.0009240912 | AG5: 0.0040251442 | AH5: 192.55956 | AI5: 0.00063149756 | AK5: 0.0015097736 | AL5: 141.92544 | AM5: -0.00039009242 | AO5: 0.0025178386 | AP5: 152.38446 | AQ5: 0.0010929291 | AS5: 0.0055351057 | AT5: 237.51769 | AU5: 0.0013778649 | AW5: 2.5313221e-05 | AX5: 0.44363622 | AY5: 1.7719254e-05 | AZ5: 3.7837052e-05 | BA5: 0.66489277 | BB5: 2.631877e-05 | BC5: 4.8544025e-05 | BD5: 0.85357855 | BE5: 3.3766724e-05 | BF5: 2.3393319e-05 | BG5: 0.81988466 | BH5: 1.6375324e-05 | BI5: 3.1010637e-05 | BJ5: 1.0894358 | BK5: 2.1570273e-05 | BL5: 3.8346978e-05 | BM5: 1.3477556 | BN5: 2.6672978e-05 | BO5: 2.9131443e-05 | BP5: 1.4600686 | BQ5: 3.9078438e-05 | BR5: 3.7091715e-05 | BS5: 1.8700109 | BT5: 4.9273279e-05 | BU5: 4.4741566e-05 | BV5: 2.2631063 | BW5: 5.9061202e-05 | BX5: 2.8057821e-05 | BY5: 2.1058681 | BZ5: 3.7718948e-05 | CA5: 3.4555834e-05 | CB5: 2.6056608 | CC5: 4.6090327e-05 | CD5: 4.2992206e-05 | CE5: 3.2570761 | CF5: 5.68798e-05
A6: 0.008553814 | B6: 79.961847 | C6: -0.0014245473 | I6: 0.0040241449 | J6: 124.04815 | K6: 0.0025832435 | M6: 0.0025175004 | N6: 120.76339 | O6: 0.001645034 | U6: 0.0080498201 | V6: 251.43502 | W6: 0.0016655941 | AG6: 0.0075471453 | AH6: 348.86118 | AI6: 0.0013772021 | AO6: 0.0045321095 | AP6: 291.54124 | AQ6: 0.0014437459 | AS6: 0.0075478714 | AT6: 380.14288 | AU6: 0.0013778649 | AW6: 4.2133261e-05 | AX6: 0.73914744 | AY6: 2.9493283e-05 | AZ6: 6.2947191e-05 | BA6: 1.1077855 | BB6: 4.378563e-05 | BC6: 8.0724371e-05 | BD6: 1.4221571 | BE6: 5.6153261e-05 | BF6: 3.8940526e-05 | BG6: 1.3660193 | BH6: 2.7258368e-05 | BI6: 5.1604551e-05 | BJ6: 1.8151216 | BK6: 3.5895212e-05 | BL6: 6.3794076e-05 | BM6: 2.2455112 | BN6: 4.4374036e-05 | BO6: 4.8932549e-05 | BP6: 2.4326372 | BQ6: 6.5953965e-05 | BR6: 6.2459421e-05 | BS6: 3.1156468 | BT6: 8.3511429e-05 | BU6: 7.553689e-05 | BV6: 3.7705876 | BW6: 0.0001005633 | BX6: 4.7101122e-05 | BY6: 3.5086113 | BZ6: 6.3577181e-05 | CA6: 5.8118165e-05 | CB6: 4.3413217 | CC6: 7.7918307e-05 | CD6: 7.2529807e-05 | CE6: 5.4266521 | CF6: 9.6705564e-05
A7: 0.015094966 | B7: 100.49084 | C7: -0.0050867089 | E7: 0.0040278023 | F7: 54.922634 | G7: 0.0015637453 | I7: 0.009054326 | J7: 150.91425 | K7: 0.00016774308 | M7: 0.0045315008 | N7: 165.26325 | O7: 0.001645034 | Q7: 0.0030222793 | R7: 115.49224 | S7: 0.0023173894 | U7: 0.010565389 | V7: 295.56419 | W7: 0.0010947252 | Y7: 0.0045405171 | Z7: 74.524275 | AA7: 0.00091926739 | AC7: 0.010070971 | AD7: 300.54586 | AE7: 0.0016728074 | AG7: 0.010566003 | AH7: 437.7746 | AI7: 0.0019012107 | AK7: 0.003522805 | AL7: 318.39522 | AM7: 0.0001277889 | AO7: 0.0075535159 | AP7: 437.93748 | AQ7: 0.0023680131 | AS7: 0.012076594 | AT7: 595.7069 | AU7: 0.0025272058 | AW7: 5.892036e-05 | AX7: 1.0346587 | AY7: 4.1244252e-05 | AZ7: 8.7981927e-05 | BA7: 1.5506783 | BB7: 6.1201367e-05 | BC7: 0.00011277808 | BD7: 1.9907357 | BE7: 7.8455893e-05 | BF7: 5.4459583e-05 | BG7: 1.912154 | BH7: 3.8121708e-05 | BI7: 7.2148201e-05 | BJ7: 2.5408074 | BK7: 5.0185747e-05 | BL7: 8.9163409e-05 | BM7: 3.1432668 | BN7: 6.2022593e-05 | BO7: 6.8861989e-05 | BP7: 3.4052057 | BQ7: 9.2984803e-05 | BR7: 8.8036775e-05 | BS7: 4.3612827 | BT7: 0.00011799811 | BU7: 0.00010662889 | BV7: 5.2780689 | BW7: 0.00014240204 | BX7: 6.626933e-05 | BY7: 4.9113544 | BZ7: 8.9591136e-05 | CA7: 8.1873913e-05 | CB7: 6.0769825 | CC7: 0.00010998561 | CD7: 0.0001023478 | CE7: 7.5962282 | CF7: 0.00013685602
A8: 0.023145614 | B8: 96.110202 | C8: -0.011093998 | I8: 0.017102616 | J8: 187.03909 | K8: -0.0031066019 | M8: 0.0070490012 | N8: 200.29001 | O8: 0.0010382592 | U8: 0.012577844 | V8: 314.424 | W8: 0.00086637759 | AG8: 0.017106863 | AH8: 535.91834 | AI8: 0.00098083663 | AO8: 0.01107849 | AP8: 535.65471 | AQ8: 0.0027120834 | AS8: 0.014592551 | AT8: 717.65057 | AU8: 0.0025876975 | AW8: 7.5674645e-05 | AX8: 1.3301699 | AY8: 5.2972252e-05 | AZ8: 0.00011294078 | BA8: 1.9935711 | BB8: 7.856628e-05 | BC8: 0.00014470323 | BD8: 2.5593142 | BE8: 0.00010067524 | BF8: 6.9950593e-05 | BG8: 2.4582887 | BH8: 4.8965415e-05 | BI8: 9.2641438e-05 | BJ8: 3.2664931 | BK8: 6.4442044e-05 | BL8: 0.00011445433 | BM8: 4.0410224 | BN8: 7.9618958e-05 | BO8: 8.8920608e-05 | BP8: 4.3777743 | BQ8: 0.00012016718 | BR8: 0.00011382528 | BS8: 5.6069186 | BT8: 0.00015272535 | BU8: 0.00013801962 | BV8: 6.7855502 | BW8: 0.00018456333 | BX8: 8.5563329e-05 | BY8: 6.3140976 | BZ8: 0.00011575752 | CA8: 0.00010582461 | CB8: 7.8126434 | CC8: 0.00014228594 | CD8: 0.00013244828 | CE8: 9.7658042 | CF8: 0.00017731877
A9: 0.037234249 | B9: 104.80607 | C9: -0.017826999 | E9: 0.0060417035 | F9: 69.102361 | G9: 0.0013076146 | I9: 0.024647887 | J9: 191.74728 | K9: -0.0058106204 | M9: 0.011077002 | N9: 218.19923 | O9: -0.00016854857 | Q9: 0.0045334189 | R9: 136.47362 | S9: 0.0028376197 | U9: 0.014590299 | V9: 342.13747 | W9: 0 | Y9: 0.0070630266 | Z9: 257.35871 | AA9: 0.0018385348 | AC9: 0.013595811 | AD9: 374.49613 | AE9: 0.0021921872 | AG9: 0.023144579 | AH9: 598.84461 | AI9: -0.00022841401 | AK9: 0.0055358364 | AL9: 470.49598 | AM9: 0.00090797375 | AO9: 0.014603464 | AP9: 618.74055 | AQ9: 0.0028874918 | AS9: 0.019624466 | AT9: 822.87105 | AU9: 0.0013778649 | AW9: 9.2396246e-05 | AX9: 1.6256811 | AY9: 6.4677372e-05 | AZ9: 0.00013782329 | BA9: 2.4364638 | BB9: 9.5880665e-05 | BC9: 0.000176498 | BD9: 3.1278928 | BE9: 0.00012281194 | BF9: 8.5413657e-05 | BG9: 3.0044233 | BH9: 5.978956e-05 | BI9: 0.00011308412 | BJ9: 3.9921789 | BK9: 7.8664266e-05 | BL9: 0.00013966622 | BM9: 4.9387781 | BN9: 9.716344e-05 | BO9: 0.00010910925 | BP9: 5.3503429 | BQ9: 0.00014749742 | BR9: 0.00013982637 | BS9: 6.8525546 | BT9: 0.00018768534 | BU9: 0.00016971102 | BV9: 8.2930315 | BW9: 0.00022703333 | BX9: 0.00010498399 | BY9: 7.7168407 | BZ9: 0.0001420731 | CA9: 0.00012997172 | CB9: 9.5483042 | CC9: 0.00017481309 | CD9: 0.00016283317 | CE9: 11.93538 | CF9: 0.00021808161
A10: 0.049813388 | B10: 95.959204 | C10: -0.023726775 | I10: 0.031187123 | J10: 204.93992 | K10: -0.0094875488 | M10: 0.014098002 | N10: 219.99964 | O10: -0.00076858146 | U10: 0.020627664 | V10: 391.34909 | W10: -0.0027065904 | AG10: 0.032201153 | AH10: 669.09125 | AI10: -0.0024185013 | AO10: 0.025681954 | AP10: 698.98551 | AQ10: 0 | AS10: 0.023146806 | AT10: 894.4258 | AU10: 0.00051753949 | AW10: 0.00010908529 | AX10: 1.9211923 | AY10: 7.6359702e-05 | AZ10: 0.00016262903 | BA10: 2.8793566 | BB10: 0.00011314481 | BC10: 0.00020816068 | BD10: 3.6964713 | BE10: 0.00014486658 | BF10: 0.00010084887 | BG10: 3.550558 | BH10: 7.0594212e-05 | BI10: 0.0001334761 | BJ10: 4.7178647 | BK10: 9.2852576e-05 | BL10: 0.0001647985 | BM10: 5.8365337 | BN10: 0.00011465634 | BO10: 0.00012942874 | BP10: 6.3229115 | BQ10: 0.00017497194 | BR10: 0.00016604142 | BS10: 8.0981905 | BT10: 0.00022287037 | BU10: 0.00020170482 | BV10: 9.8005128 | BW10: 0.00026979839 | BX10: 0.00012453217 | BY10: 9.1195839 | BZ10: 0.00016853469 | CA10: 0.00015431665 | CB10: 11.283965 | CC10: 0.0002075609 | CD10: 0.00019350429 | CE10: 14.104956 | CF10: 0.00025913246
A11: 0.068430512 | B11: 89.39226 | C11: -0.034054743 | E11: 0.0080556046 | F11: 76.593417 | G11: 0.00026287097 | I11: 0.038732394 | J11: 217.84315 | K11: -0.012822281 | M11: 0.025175004 | N11: 216.02402 | O11: -0.0054879413 | Q11: 0.0065482718 | R11: 166.8461 | S11: 0.0029524757 | U11: 0.026665029 | V11: 427.53241 | W11: -0.007649644 | Y11: 0.010090038 | Z11: 379.04496 | AA11: 0.0021041009 | AC11: 0.016617102 | AD11: 434.39579 | AE11: 0.0016728074 | AG11: 0.037232583 | AH11: 694.80044 | AI11: -0.0040308355 | AK11: 0.0080521257 | AL11: 540.43899 | AM11: 0.0011702773 | AO11: 0.031221199 | AP11: 753.6036 | AQ11: -0.001275084 | AS11: 0.027172337 | AT11: 966.2356 | AU11: -0.0017273721 | AW11: 0.0001257419 | AX11: 2.2167036 | AY11: 8.801933e-05 | AZ11: 0.00018735758 | BA11: 3.3222494 | BB11: 0.00013035902 | BC11: 0.00023968964 | BD11: 4.2650499 | BE11: 0.00016683978 | BF11: 0.00011625635 | BG11: 4.0966926 | BH11: 8.1379443e-05 | BI11: 0.00015381726 | BJ11: 5.4435505 | BK11: 0.00010700713 | BL11: 0.0001898506 | BM11: 6.7342893 | BN11: 0.00013209797 | BO11: 0.00014987987 | BP11: 7.29548 | BQ11: 0.00020258715 | BR11: 0.00019247172 | BS11: 9.3438264 | BT11: 0.0002582728 | BU11: 0.00023400262 | BV11: 11.307994 | BW11: 0.00031284497 | BX11: 0.00014420869 | BY11: 10.522327 | BZ11: 0.00019513913 | CA11: 0.00017886075 | CB11: 13.019626 | CC11: 0.00024052328 | CD11: 0.00022446328 | CE11: 16.274532 | CF11: 0.00030045935
A12: 0.076481161 | B12: 80.593084 | C12: -0.037340609 | I12: 0.045774648 | J12: 214.42602 | K12: -0.016673662 | M12: 0.034238006 | N12: 222.55429 | O12: -0.0083937186 | U12: 0.034714849 | V12: 452.66057 | W12: -0.010584582 | AG12: 0.045786015 | AH12: 719.67228 | AI12: -0.0068457022 | AO12: 0.040285418 | AP12: 780.0552 | AQ12: -0.0040478857 | AS12: 0.029688294 | AT12: 1000.8748 | AU12: -0.0027086807 | AW12: 0.00014236621 | AX12: 2.5122148 | AY12: 9.9656344e-05 | AZ12: 0.00021200857 | BA12: 3.7651421 | BB12: 0.00014752357 | BC12: 0.00027108338 | BD12: 4.8336284 | BE12: 0.00018873214 | BF12: 0.00013163617 | BG12: 4.6428273 | BH12: 9.2145322e-05 | BI12: 0.00017410749 | BJ12: 6.1692363 | BK12: 0.0001211281 | BL12: 0.000214822 | BM12: 7.6320449 | BN12: 0.00014948862 | BO12: 0.00017046341 | BP12: 8.2680486 | BQ12: 0.00023033952 | BR12: 0.00021911849 | BS12: 10.589462 | BT12: 0.00029388506 | BU12: 0.00026660585 | BV12: 12.815475 | BW12: 0.00035615969 | BX12: 0.00016401433 | BY12: 11.92507 | BZ12: 0.00022188328 | CA12: 0.00020360527 | CB12: 14.755287 | CC12: 0.00027369416 | CD12: 0.00025571162 | CE12: 18.444108 | CF12: 0.00034205042
A13: 0.089563465 | B13: 70.43309 | C13: -0.040176265 | E13: 0.015104259 | F13: 102.95844 | G13: -0.001172809 | I13: 0.052313883 | J13: 189.68485 | K13: -0.018512127 | M13: 0.043301007 | N13: 232.05483 | O13: -0.013382756 | Q13: 0.0095705511 | R13: 214.66777 | S13: 0.0036483682 | U13: 0.040752214 | V13: 456.41238 | W13: -0.013116554 | Y13: 0.012612547 | Z13: 428.07314 | AA13: 0.001579778 | AC13: 0.022156137 | AD13: 476.93299 | AE13: 0.00011466825 | AG13: 0.053836303 | AH13: 750.50963 | AI13: -0.010412992 | AK13: 0.010568415 | AL13: 580.46643 | AM13: 0.00090797375 | AO13: 0.053881747 | AP13: 783.02533 | AQ13: -0.0075695463 | AS13: 0.033210634 | AT13: 1047.1428 | AU13: -0.0045503147 | AW13: 0.00015895833 | AX13: 2.807726 | AY13: 0.00011127083 | AZ13: 0.00023658163 | BA13: 4.2080349 | BB13: 0.00016463875 | BC13: 0.00030234049 | BD13: 5.402207 | BE13: 0.00021054425 | BF13: 0.00014698846 | BG13: 5.188962 | BH13: 0.00010289192 | BI13: 0.00019434665 | BJ13: 6.8949221 | BK13: 0.00013521564 | BL13: 0.00023971219 | BM13: 8.5298005 | BN13: 0.00016682859 | BO13: 0.0001911801 | BP13: 9.2406172 | BQ13: 0.00025822555 | BR13: 0.00024598284 | BS13: 11.835098 | BT13: 0.00032969966 | BU13: 0.00029951574 | BV13: 14.322957 | BW13: 0.00039972929 | BX13: 0.00018394989 | BY13: 13.327813 | BZ13: 0.00024876405 | CA13: 0.00022855142 | CB13: 16.490948 | CC13: 0.00030706753 | CD13: 0.00028725068 | CE13: 20.613685 | CF13: 0.00038389394
A14: 0.098117279 | B14: 57.542406 | C14: -0.040834782 | I14: 0.058853119 | J14: 207.29899 | K14: -0.020182848 | M14: 0.054378009 | N14: 228.67329 | O14: -0.018479665 | U14: 0.046286465 | V14: 464.0974 | W14: -0.015876873 | AG14: 0.064905449 | AH14: 753.78891 | AI14: -0.014215413 | AO14: 0.060931695 | AP14: 800.67967 | AQ14: -0.0094180808 | AS14: 0.041764888 | AT14: 1104.9984 | AU14: -0.008697352 | AW14: 0.0001755184 | AX14: 3.1032372 | AY14: 0.00012286288 | AZ14: 0.00026107642 | BA14: 4.6509277 | BB14: 0.00018170484 | BC14: 0.00033345963 | BD14: 5.9707855 | BE14: 0.0002322767 | BF14: 0.00016231329 | BG14: 5.7350966 | BH14: 0.0001136193 | BI14: 0.00021453466 | BJ14: 7.6206079 | BK14: 0.0001492699 | BL14: 0.0002645207 | BM14: 9.4275561 | BN14: 0.00018411818 | BO14: 0.00021203065 | BP14: 10.213186 | BQ14: 0.00028624176 | BR14: 0.00027306582 | BS14: 13.080734 | BT14: 0.00036570915 | BU14: 0.00033273339 | BV14: 15.830438 | BW14: 0.00044354068 | BX14: 0.00020401609 | BY14: 14.730556 | BZ14: 0.00027577833 | CA14: 0.00025370033 | CB14: 18.226608 | CC14: 0.00034063742 | CD14: 0.00031908165 | CE14: 22.783261 | CF14: 0.00042597828
A15: 0.10717426 | B15: 74.855751 | C15: -0.041271553 | E15: 0.022656388 | F15: 101.76222 | G15: -0.0059921102 | I15: 0.065895372 | J15: 206.5807 | K15: -0.021618728 | M15: 0.067469012 | N15: 213.18145 | O15: -0.021223635 | Q15: 0.014607683 | R15: 227.39464 | S15: 0.0021417272 | U15: 0.051820717 | V15: 458.37562 | W15: -0.018583463 | Y15: 0.014630555 | Z15: 468.41826 | AA15: 0.0011848335 | AC15: 0.028198719 | AD15: 512.68584 | AE15: -0.0017335142 | AG15: 0.072955738 | AH15: 737.52858 | AI15: -0.016398782 | AK15: 0.013084704 | AL15: 631.16261 | AM15: 0.00090797375 | AO15: 0.067478075 | AP15: 788.18984 | AQ15: -0.011030489 | AS15: 0.049815951 | AT15: 1140.5747 | AU15: -0.011574065 | AW15: 0.00019204654 | AX15: 3.3987484 | AY15: 0.00013443257 | AZ15: 0.00028549262 | BA15: 5.0938204 | BB15: 0.00019872212 | BC15: 0.0003644396 | BD15: 6.5393641 | BE15: 0.00025393006 | BF15: 0.00017761077 | BG15: 6.2812313 | BH15: 0.00012432754 | BI15: 0.0002346714 | BJ15: 8.3462936 | BK15: 0.00016329105 | BL15: 0.00028924708 | BM15: 10.325312 | BN15: 0.00020135767 | BO15: 0.00023301575 | BP15: 11.185754 | BQ15: 0.0003143847 | BR15: 0.0003003684 | BS15: 14.32637 | BT15: 0.00040190618 | BU15: 0.00036625972 | BV15: 17.337919 | BW15: 0.0004875809 | BX15: 0.00022421366 | BY15: 16.1333 | BZ15: 0.00030292307 | CA15: 0.00027905306 | CB15: 19.962269 | CC15: 0.0003743979 | CD15: 0.00035120558 | CE15: 24.952837 | CF15: 0.00046829192
A16: 0.11774073 | B16: 68.28634 | C16: -0.042198853 | I16: 0.073943662 | J16: 197.00162 | K16: -0.023343127 | M16: 0.080056514 | N16: 200.66629 | O16: -0.023852993 | U16: 0.057858082 | V16: 453.99618 | W16: -0.021860923 | AG16: 0.081509169 | AH16: 736.83691 | AI16: -0.017896909 | AO16: 0.07301732 | AP16: 781.45446 | AQ16: -0.012190882 | AS16: 0.05635744 | AT16: 1145.3332 | AU16: -0.013879468 | AW16: 0.00020854286 | AX16: 3.6942597 | AY16: 0.00014598 | AZ16: 0.00030982993 | BA16: 5.5367132 | BB16: 0.00021569088 | BC16: 0.00039527926 | BD16: 7.1079426 | BE16: 0.00027550492 | BF16: 0.000192881 | BG16: 6.827366 | BH16: 0.0001350167 | BI16: 0.0002547568 | BJ16: 9.0719794 | BK16: 0.00017727923 | BL16: 0.0003138909 | BM16: 11.223067 | BN16: 0.00021854736 | BO16: 0.00025413605 | BP16: 12.158323 | BQ16: 0.00034265097 | BR16: 0.00032789148 | BS16: 15.572006 | BT16: 0.00043828344 | BU16: 0.00040009553 | BV16: 18.845401 | BW16: 0.00053183711 | BX16: 0.00024454329 | BY16: 17.536043 | BZ16: 0.00033019523 | CA16: 0.00030461062 | CB16: 21.69793 | CC16: 0.00040834309 | CD16: 0.00038362342 | CE16: 27.122413 | CF16: 0.00051082348
A17: 0.12730088 | B17: 59.421285 | C17: -0.043347898 | E17: 0.029705042 | F17: 110.2431 | G17: -0.0084657934 | I17: 0.081991952 | J17: 206.46723 | K17: -0.024664943 | M17: 0.093147516 | N17: 211.50164 | O17: -0.026482351 | Q17: 0.019141102 | R17: 253.13994 | S17: 0.0010404606 | U17: 0.068423471 | V17: 430.87062 | W17: -0.026924866 | Y17: 0.017657566 | Z17: 474.18715 | AA17: 0.00039494451 | AC17: 0.023163234 | AD17: 486.7553 | AE17: -0.00011466825 | AG17: 0.089559457 | AH17: 712.45815 | AI17: -0.019509244 | AK17: 0.015097736 | AL17: 641.04332 | AM17: -0.00039009242 | AO17: 0.080067269 | AP17: 780.78945 | AQ17: -0.014039417 | AS17: 0.064911694 | AT17: 1152.9472 | AU17: -0.016588149 | AW17: 0.0002250075 | AX17: 3.9897709 | AY17: 0.00015750525 | AZ17: 0.00033408809 | BA17: 5.979606 | BB17: 0.00023261138 | BC17: 0.00042597757 | BD17: 7.6765212 | BE17: 0.00029700183 | BF17: 0.00020812407 | BG17: 7.3735006 | BH17: 0.00014568685 | BI17: 0.00027479075 | BJ17: 9.7976652 | BK17: 0.00019123461 | BL17: 0.00033845177 | BM17: 12.120823 | BN17: 0.00023568754 | BO17: 0.0002753922 | BP17: 13.130892 | BQ17: 0.00037103717 | BR17: 0.00035563588 | BS17: 16.817642 | BT17: 0.0004748337 | BU17: 0.00043424142 | BV17: 20.352882 | BW17: 0.00057629665 | BX17: 0.00026500565 | BY17: 18.938786 | BZ17: 0.0003575918 | CA17: 0.00033037394 | CB17: 23.433591 | CC17: 0.00044246715 | CD17: 0.00041633594 | CE17: 29.291989 | CF17: 0.00055356168
A18: 0.14138951 | B18: 75.498991 | C18: -0.044113928 | I18: 0.09054326 | J18: 198.8598 | K18: -0.025986758 | M18: 0.10724552 | N18: 185.34296 | O18: -0.029610612 | U18: 0.080498201 | V18: 403.09183 | W18: -0.030430673 | AG18: 0.098112889 | AH18: 700.28154 | AI18: -0.020832701 | AO18: 0.086613649 | AP18: 761.0872 | AQ18: -0.015658571 | AS18: 0.071453182 | AT18: 1132.1932 | AU18: -0.018544045 | AW18: 0.00024144058 | AX18: 4.2852821 | AY18: 0.0001690084 | AZ18: 0.00035826683 | BA18: 6.4224988 | BB18: 0.0002494839 | BC18: 0.00045653356 | BD18: 8.2450998 | BE18: 0.00031842136 | BF18: 0.00022334008 | BG18: 7.9196353 | BH18: 0.00015633806 | BI18: 0.00029477319 | BJ18: 10.523351 | BK18: 0.00020515733 | BL18: 0.00036292933 | BM18: 13.018579 | BN18: 0.00025277848 | BO18: 0.0002967848 | BP18: 14.10346 | BQ18: 0.00039953996 | BR18: 0.00038360234 | BS18: 18.063278 | BT18: 0.00051154979 | BU18: 0.00046869788 | BV18: 21.860363 | BW18: 0.00062094701 | BX18: 0.00028560138 | BY18: 20.341529 | BZ18: 0.00038510977 | CA18: 0.0003563439 | CB18: 25.169252 | CC18: 0.00047676429 | CD18: 0.00044934379 | CE18: 31.461565 | CF18: 0.00059649538
A19: 0.15145283 | B19: 70.346772 | C19: -0.045101704 | E19: 0.035746746 | F19: 110.13065 | G19: -0.013028964 | I19: 0.099597586 | J19: 197.87425 | K19: -0.027362252 | M19: 0.12738552 | N19: 180.29277 | O19: -0.032138841 | Q19: 0.024178234 | R19: 267.52223 | S19: -0.00058103641 | U19: 0.093579158 | V19: 406.69645 | W19: -0.033076819 | Y19: 0.020180076 | Z19: 480.98492 | AA19: -0.00066051064 | AC19: 0.029205816 | AD19: 522.26334 | AE19: -0.0016188459 | AG19: 0.10716946 | AH19: 682.24129 | AI19: -0.022445035 | AK19: 0.017614025 | AL19: 661.0281 | AM19: -0.00051788132 | AO19: 0.097188571 | AP19: 780.48556 | AQ19: -0.017797204 | AS19: 0.079504245 | AT19: 1084.4683 | AU19: -0.022859114 | AW19: 0.0002578422 | AX19: 4.5807933 | AY19: 0.00018048954 | AZ19: 0.00038236593 | BA19: 6.8653915 | BB19: 0.00026630872 | BC19: 0.00048694638 | BD19: 8.8136783 | BE19: 0.00033976406 | BF19: 0.00023852913 | BG19: 8.46577 | BH19: 0.00016697039 | BI19: 0.00031470404 | BJ19: 11.249037 | BK19: 0.00021904756 | BL19: 0.00038732321 | BM19: 13.916334 | BN19: 0.00026982047 | BO19: 0.00031831442 | BP19: 15.076029 | BQ19: 0.00042815599 | BR19: 0.00041179154 | BS19: 19.308914 | BT19: 0.00054842463 | BU19: 0.00050346525 | BV19: 23.367844 | BW19: 0.00066577581 | BX19: 0.00030633112 | BY19: 21.744272 | BZ19: 0.00041274618 | CA19: 0.00038252131 | CB19: 26.904913 | CC19: 0.00051122876 | CD19: 0.00048264752 | CE19: 33.631141 | CF19: 0.00063961355
A20: 0.16906362 | B20: 65.434199 | C20: -0.047016779 | I20: 0.10764588 | J20: 190.60103 | K20: -0.029261103 | M20: 0.13846252 | N20: 193.83608 | O20: -0.033291713 | U20: 0.10666012 | V20: 380.49812 | W20: -0.036240104 | AG20: 0.11622604 | AH20: 685.22355 | AI20: -0.023479617 | AO20: 0.10977776 | AP20: 763.37145 | AQ20: -0.020860104 | AS20: 0.086548925 | AT20: 1013.2001 | AU20: -0.025971073 | AW20: 0.00027421251 | AX20: 4.8763046 | AY20: 0.00019194876 | AZ20: 0.00040638517 | BA20: 7.3082843 | BB20: 0.0002830861 | BC20: 0.00051721522 | BD20: 9.3822569 | BE20: 0.00036103049 | BF20: 0.00025369131 | BG20: 9.0119046 | BH20: 0.00017758392 | BI20: 0.00033458324 | BJ20: 11.974723 | BK20: 0.00023290543 | BL20: 0.0004116331 | BM20: 14.81409 | BN20: 0.00028681379 | BO20: 0.00033998164 | BP20: 16.048597 | BQ20: 0.00045688198 | BR20: 0.00044020407 | BS20: 20.55455 | BT20: 0.00058545119 | BU20: 0.00053854372 | BV20: 24.875326 | BW20: 0.00071077083 | BX20: 0.00032719544 | BY20: 23.147015 | BZ20: 0.00044049809 | CA20: 0.00040890693 | CB20: 28.640574 | CC20: 0.00054585485 | CD20: 0.00051624752 | CE20: 35.800717 | CF20: 0.0006829053
A21: 0.18214592 | B21: 68.843488 | C21: -0.047997835 | E21: 0.04380235 | F21: 88.024226 | G21: -0.017201198 | I21: 0.11619718 | J21: 199.24699 | K21: -0.030985502 | M21: 0.15960953 | N21: 183.12587 | O21: -0.034876069 | Q21: 0.036267352 | R21: 275.87907 | S21: -0.0048036848 | U21: 0.12024419 | V21: 377.44056 | W21: -0.039349661 | Y21: 0.022702585 | Z21: 498.66872 | AA21: -0.0014503997 | AC21: 0.025177428 | AD21: 499.29634 | AE21: -0.00063404798 | AG21: 0.1262889 | AH21: 684.56598 | AI21: -0.024399991 | AK21: 0.020130314 | AL21: 675.77094 | AM21: -0.0015603697 | AO21: 0.11582058 | AP21: 742.03998 | AQ21: -0.021899062 | AS21: 0.097619136 | AT21: 993.02637 | AU21: -0.027120414 | AW21: 0.00029055161 | AX21: 5.1718158 | AY21: 0.00020338612 | AZ21: 0.00043032435 | BA21: 7.7511771 | BB21: 0.0002998163 | BC21: 0.0005473394 | BD21: 9.9508354 | BE21: 0.00038222118 | BF21: 0.00026882672 | BG21: 9.5580393 | BH21: 0.00018817871 | BI21: 0.00035441072 | BJ21: 12.700408 | BK21: 0.00024673111 | BL21: 0.00043585871 | BM21: 15.711845 | BN21: 0.00030375872 | BO21: 0.00036178698 | BP21: 17.021166 | BQ21: 0.00048571465 | BR21: 0.00046884049 | BS21: 21.800185 | BT21: 0.0006226225 | BU21: 0.00057393335 | BV21: 26.382807 | BW21: 0.00075592004 | BX21: 0.00034819493 | BY21: 24.549758 | BZ21: 0.00046836257 | CA21: 0.00043550146 | CB21: 30.376234 | CC21: 0.00058063693 | CD21: 0.00055014408 | CE21: 37.970293 | CF21: 0.00072635986
A22: 0.19724089 | B22: 66.136854 | C22: -0.048710109 | I22: 0.12525151 | J22: 192.34007 | K22: -0.032595836 | M22: 0.17672853 | N22: 174.60969 | O22: -0.035644651 | U22: 0.13483449 | V22: 373.98441 | W22: -0.042741294 | AG22: 0.13635176 | AH22: 679.38433 | AI22: -0.025898118 | AO22: 0.12538836 | AP22: 764.94968 | AQ22: -0.023282089 | AS22: 0.10516701 | AT22: 973.54285 | AU22: -0.027523691 | AW22: 0.00030685962 | AX22: 5.467327 | AY22: 0.00021480173 | AZ22: 0.00045418329 | BA22: 8.1940698 | BB22: 0.0003164996 | BC22: 0.00057731827 | BD22: 10.519414 | BE22: 0.00040333667 | BF22: 0.00028393545 | BG22: 10.104174 | BH22: 0.00019875482 | BI22: 0.00037418644 | BJ22: 13.426094 | BK22: 0.00026052473 | BL22: 0.00045999975 | BM22: 16.609601 | BN22: 0.00032065553 | BO22: 0.00038373096 | BP22: 17.993734 | BQ22: 0.00051465075 | BR22: 0.00049770126 | BS22: 23.045821 | BT22: 0.0006599317 | BU22: 0.00060963409 | BV22: 27.890288 | BW22: 0.00080121152 | BX22: 0.00036933015 | BY22: 25.952502 | BZ22: 0.00049633671 | CA22: 0.00046230552 | CB22: 32.111895 | CC22: 0.00061556938 | CD22: 0.00058433736 | CE22: 40.139869 | CF22: 0.00076996659
E23: 0.051354479 | F23: 92.224151 | G23: -0.018893009 | I23: 0.13531187 | J23: 194.68671 | K23: -0.034608753 | M23: 0.18730203 | N23: 175.16789 | O23: -0.036467168 | Q23: 0.044326763 | R23: 280.41566 | S23: -0.0061954697 | U23: 0.1534497 | V23: 359.59693 | W23: -0.044695681 | Y23: 0.028756608 | Z23: 500.80523 | AA23: -0.0038200667 | AC23: 0.032227108 | AD23: 544.91445 | AE23: -0.0025429371 | AG23: 0.14641462 | AH23: 663.6718 | AI23: -0.027046906 | AK23: 0.025162893 | AL23: 703.51453 | AM23: -0.0028584359 | AO23: 0.13445258 | AP23: 752.79833 | AQ23: -0.024496455 | AS23: 0.11321807 | AT23: 966.37478 | AU23: -0.028444508 | AW23: 0.00032313666 | AX23: 5.7628382 | AY23: 0.00022619566 | AZ23: 0.00047796185 | BA23: 8.6369626 | BB23: 0.00033313626 | BC23: 0.00060715128 | BD23: 11.087993 | BE23: 0.0004243775 | BF23: 0.0002990176 | BG23: 10.650309 | BH23: 0.00020931232 | BI23: 0.00039391035 | BJ23: 14.15178 | BK23: 0.00027428646 | BL23: 0.00048405598 | BM23: 17.507357 | BN23: 0.00033750449 | BO23: 0.00040581406 | BP23: 18.966303 | BQ23: 0.00054368708 | BR23: 0.00052678678 | BS23: 24.291457 | BT23: 0.00069737195 | BU23: 0.00064564573 | BV23: 29.39777 | BW23: 0.00084663355 | BX23: 0.00039060161 | BY23: 27.355245 | BZ23: 0.00052441764 | CA23: 0.00048931971 | CB23: 33.847556 | CC23: 0.00065064663 | CD23: 0.00061882742 | CE23: 42.309445 | CF23: 0.00081371498
I24: 0.14486922 | J24: 192.41755 | K24: -0.035239467 | M24: 0.20140003 | N24: 181.91179 | O24: -0.036966072 | U24: 0.16904622 | V24: 377.47106 | W24: -0.045790406 | AG24: 0.15345862 | AH24: 671.69043 | AI24: -0.027792611 | AO24: 0.14704178 | AP24: 724.82044 | AQ24: -0.026176328 | AS24: 0.12076594 | AT24: 938.51263 | AU24: -0.029251063 | AW24: 0.00033938285 | AX24: 6.0583494 | AY24: 0.000237568 | AZ24: 0.00050165989 | BA24: 9.0798554 | BB24: 0.00034972653 | BC24: 0.00063683797 | BD24: 11.656571 | BE24: 0.00044534419 | BF24: 0.00031407325 | BG24: 11.196443 | BH24: 0.00021985127 | BI24: 0.0004135824 | BJ24: 14.877466 | BK24: 0.00028801643 | BL24: 0.00050802716 | BM24: 18.405112 | BN24: 0.00035430588 | BO24: 0.00042803675 | BP24: 19.938872 | BQ24: 0.00057282044 | BR24: 0.0005560974 | BS24: 25.537093 | BT24: 0.00073493653 | BU24: 0.00068196797 | BV24: 30.905251 | BW24: 0.00089217456 | BX24: 0.00041200983 | BY24: 28.757988 | BZ24: 0.0005526025 | CA24: 0.00051654456 | CB24: 35.583217 | CC24: 0.00068586319 | CD24: 0.0006536142 | CE24: 44.479021 | CF24: 0.00085759467
A25: 0 | B25: 0 | C25: 0 | E25: 0.057899658 | F25: 94.588015 | G25: -0.020719625 | I25: 0.15442656 | J25: 190.06621 | K25: -0.036333152 | Q25: 0.052889888 | R25: 274.33463 | S25: -0.0078169666 | U25: 0.18514586 | V25: 374.24252 | W25: -0.046824686 | Y25: 0.032288121 | Z25: 516.72492 | AA25: -0.0046099557 | AC25: 0.04179453 | AD25: 569.67365 | AE25: -0.0056592155 | AG25: 0.16754663 | AH25: 654.53537 | AI25: -0.029230275 | AK25: 0.02818244 | AL25: 716.98142 | AM25: -0.0035108318 | AO25: 0.15560243 | AP25: 736.16176 | AQ25: -0.026985905 | AS25: 0.12982339 | AT25: 939.77815 | AU25: -0.02913008 | AW25: 0.00035559831 | AX25: 6.3538607 | AY25: 0.00024891882 | AZ25: 0.00052527727 | BA25: 9.5227481 | BB25: 0.00036627067 | BC25: 0.00066637792 | BD25: 12.22515 | BE25: 0.00046623726 | BF25: 0.0003291025 | BG25: 11.742578 | BH25: 0.00023037175 | BI25: 0.00043320257 | BJ25: 15.603151 | BK25: 0.00030171479 | BL25: 0.00053191309 | BM25: 19.302868 | BN25: 0.00037105996 | BO25: 0.00045039947 | BP25: 20.91144 | BQ25: 0.00060204767 | BR25: 0.00058563339 | BS25: 26.782729 | BT25: 0.00077261876 | BU25: 0.00071860036 | BV25: 32.412732 | BW25: 0.00093782313 | BX25: 0.0004335553 | BY25: 30.160731 | BZ25: 0.00058088845 | CA25: 0.00054398053 | CB25: 37.318878 | CC25: 0.00072121359 | CD25: 0.00068869753 | CE25: 46.648597 | CF25: 0.00090159542
A26: 0.0010063828 | B26: 13.366853 | C26: 0.00010754067 | I26: 0.16448692 | J26: 192.76621 | K26: -0.036963866 | M26: 0 | N26: 0 | O26: 0 | U26: 0.20023927 | V26: 352.90683 | W26: -0.047630619 | AG26: 0.17911891 | AH26: 650.42076 | AI26: -0.030842609 | AO26: 0.16315594 | AP26: 728.77149 | AQ26: -0.027734764 | AS26: 0.13787445 | AT26: 968.74683 | AU26: -0.029419095 | AW26: 0.00037178315 | AX26: 6.6493719 | AY26: 0.0002602482 | AZ26: 0.0005488139 | BA26: 9.9656409 | BB26: 0.00038276894 | BC26: 0.0006957708 | BD26: 12.793728 | BE26: 0.00048705723 | BF26: 0.00034410545 | BG26: 12.288713 | BH26: 0.00024087381 | BI26: 0.00045277081 | BJ26: 16.328837 | BK26: 0.00031538169 | BL26: 0.00055571359 | BM26: 20.200623 | BN26: 0.000387767 | BO26: 0.00047290264 | BP26: 21.884009 | BQ26: 0.00063136564 | BR26: 0.00061539499 | BS26: 28.028365 | BT26: 0.00081041204 | BU26: 0.00075554237 | BV26: 33.920214 | BW26: 0.00098356802 | BX26: 0.00045523848 | BY26: 31.563474 | BZ26: 0.00060927269 | CA26: 0.00057162806 | CB26: 39.054539 | CC26: 0.00075669242 | CD26: 0.00072407714 | CE26: 48.818173 | CF26: 0.00094570713
A27: 0.00352234 | B27: 26.896328 | C27: 0.0010418003 | E27: 0.064948312 | F27: 90.743861 | G27: -0.021892434 | I27: 0.17454728 | J27: 190.00496 | K27: -0.037769032 | M27: 0.0025195141 | N27: 70.896474 | O27: 0.0013267198 | Q27: 0.060445586 | R27: 276.98527 | S27: -0.0089722832 | U27: 0.2158358 | V27: 355.0648 | W27: -0.049182039 | Y27: 0.03985565 | Z27: 496.0875 | AA27: -0.0082938347 | AC27: 0.050354856 | AD27: 578.63873 | AE27: -0.010111042 | AG27: 0.1906912 | AH27: 664.0199 | AI27: -0.032340737 | AK27: 0.034724792 | AL27: 732.78754 | AM27: -0.0057235975 | AO27: 0.17171659 | AP27: 701.79927 | AQ27: -0.02917851 | AS27: 0.1469319 | AT27: 955.98719 | AU27: -0.030111389 | AW27: 0.00038793748 | AX27: 6.9448831 | AY27: 0.00027155624 | AZ27: 0.00057226969 | BA27: 10.408534 | BB27: 0.00039922159 | BC27: 0.00072501634 | BD27: 13.362307 | BE27: 0.0005078046 | BF27: 0.00035908218 | BG27: 12.834847 | BH27: 0.00025135753 | BI27: 0.00047228712 | BJ27: 17.054523 | BK27: 0.00032901727 | BL27: 0.00057942847 | BM27: 21.098379 | BN27: 0.00040442726 | BO27: 0.00049554666 | BP27: 22.856577 | BQ27: 0.00066077125 | BR27: 0.00064538235 | BS27: 29.274001 | BT27: 0.00084830984 | BU27: 0.00079279334 | BV27: 35.427695 | BW27: 0.0010293982 | BX27: 0.00047705981 | BY27: 32.966217 | BZ27: 0.00063775243 | CA27: 0.0005994875 | CB27: 40.7902 | CC27: 0.00079229431 | CD27: 0.00075975268 | CE27: 50.987749 | CF27: 0.00098991983
A28: 0.0045287228 | B28: 45.999333 | C28: 0.0012568816 | I28: 0.18460765 | J28: 181.83857 | K28: -0.038232003 | M28: 0.0030234169 | N28: 91.731736 | O28: 0.0019900796 | U28: 0 | V28: 0 | W28: 0 | AG28: 0 | AH28: 0 | AI28: 0 | AO28: 0.18027725 | AP28: 697.64877 | AQ28: -0.029873397 | AS28: 0.15498296 | AT28: 946.40822 | AU28: -0.03022565 | AW28: 0.00040406143 | AX28: 7.2403943 | AY28: 0.000282843 | AZ28: 0.00059564457 | BA28: 10.851426 | BB28: 0.00041562888 | BC28: 0.00075411434 | BD28: 13.930885 | BE28: 0.00052847989 | BF28: 0.00037403279 | BG28: 13.380982 | BH28: 0.00026182295 | BI28: 0.00049175146 | BJ28: 17.780209 | BK28: 0.00034262167 | BL28: 0.00060305762 | BM28: 21.996135 | BN28: 0.000421041 | BO28: 0.00051833192 | BP28: 23.829146 | BQ28: 0.00069026142 | BR28: 0.00067559557 | BS28: 30.519637 | BT28: 0.00088630573 | BU28: 0.0008303525 | BV28: 36.935176 | BW28: 0.0010753027 | BX28: 0.00049901974 | BY28: 34.36896 | BZ28: 0.00066632489 | CA28: 0.00062755919 | CB28: 42.52586 | CC28: 0.00082801396 | CD28: 0.00079572366 | CE28: 53.157325 | CF28: 0.0010342237
A29: 0.0080510628 | B29: 71.755355 | C29: -5.3770337e-05 | E29: 0.073003917 | F29: 84.795028 | G29: -0.023456179 | I29: 0.19567404 | J29: 184.6689 | K29: -0.038976783 | M29: 0.0060468338 | N29: 153.34542 | O29: 0.0033235684 | Q29: 0.068504997 | R29: 264.19695 | S29: -0.0099586939 | U29: 0 | V29: 4.7322225 | W29: 0.00011417507 | Y29: 0.047423178 | Z29: 483.61281 | AA29: -0.01079969 | AC29: 0.061432924 | AD29: 590.52959 | AE29: -0.01426608 | AG29: 0.0035211268 | AH29: 184.95211 | AI29: 0.0008051668 | AK29: 0.041267144 | AL29: 734.6791 | AM29: -0.0079296374 | AO29: 0.1903486 | AP29: 698.87358 | AQ29: -0.030217467 | AS29: 0.1645436 | AT29: 929.55172 | AU29: -0.030575158 | AW29: 0.0004201551 | AX29: 7.5359055 | AY29: 0.00029410857 | AZ29: 0.00061893849 | BA29: 11.294319 | BB29: 0.00043199105 | BC29: 0.00078306466 | BD29: 14.499464 | BE29: 0.00054908359 | BF29: 0.00038895737 | BG29: 13.927117 | BH29: 0.00027227016 | BI29: 0.00051116384 | BJ29: 18.505895 | BK29: 0.00035619505 | BL29: 0.00062660089 | BM29: 22.89389 | BN29: 0.00043760848 | BO29: 0.00054125876 | BP29: 24.801714 | BQ29: 0.00071983309 | BR29: 0.00070603471 | BS29: 31.765273 | BT29: 0.0009243933 | BU29: 0.000868219 | BV29: 38.442657 | BW29: 0.0011212708 | BX29: 0.00052111865 | BY29: 35.771704 | BZ29: 0.00069498734 | CA29: 0.0006558434 | CB29: 44.261521 | CC29: 0.0008638461 | CD29: 0.00083198954 | CE29: 55.326901 | CF29: 0.0010786091
A30: 0.012076594 | B30: 79.18242 | C30: -0.0016937656 | I30: 0.2027163 | J30: 185.01126 | K30: -0.039493431 | M30: 0.0070546394 | N30: 165.04066 | O30: 0.0039869283 | U30: 0.0010062298 | V30: 14.013516 | W30: -0.00028879576 | AG30: 0.0065392354 | AH30: 357.86436 | AI30: 0.0016103336 | AO30: 0.19991639 | AP30: 707.76658 | AQ30: -0.031256424 | AS30: 0.17309785 | AT30: 918.20173 | AU30: -0.03068942 | AW30: 0.00043621861 | AX30: 7.8314168 | AY30: 0.00030535303 | AZ30: 0.00064215141 | BA30: 11.737212 | BB30: 0.00044830836 | BC30: 0.00081186722 | BD30: 15.068042 | BE30: 0.00056961619 | BF30: 0.00040385601 | BG30: 14.473251 | BH30: 0.0002826992 | BI30: 0.00053052424 | BJ30: 19.23158 | BK30: 0.00036973752 | BL30: 0.00065005818 | BM30: 23.791646 | BN30: 0.00045412996 | BO30: 0.00056432753 | BP30: 25.774283 | BQ30: 0.00074948325 | BR30: 0.00073669977 | BS30: 33.010909 | BT30: 0.00096256627 | BU30: 0.00090639187 | BV30: 39.950139 | BW30: 0.001167292 | BX30: 0.00054335695 | BY30: 37.174447 | BZ30: 0.00072373704 | CA30: 0.00068434035 | CB30: 45.997182 | CC30: 0.00089978551 | CD30: 0.00086854965 | CE30: 57.496478 | CF30: 0.0011230664
A31: 0.025159571 | B31: 95.680222 | C31: -0.0092350553 | E31: 0.07904562 | F31: 77.236941 | G31: -0.023456179 | I31: 0 | J31: 0 | K31: 0 | M31: 0.0085663479 | N31: 176.29772 | O31: 0.0033235684 | Q31: 0.077068122 | R31: 267.54052 | S31: -0.010823492 | U31: 0.0035218042 | V31: 147.5702 | W31: 0.0020148541 | Y31: 0.054990707 | Z31: 482.59346 | AA31: -0.013564301 | AC31: 0.070496798 | AD31: 574.62572 | AE31: -0.016755055 | AG31: 0.010060362 | AH31: 451.41897 | AI31: 0.0019592392 | AK31: 0.047809496 | AL31: 723.61051 | AM31: -0.010532495 | AO31: 0 | AP31: 0 | AQ31: 0 | AS31: 0.18316168 | AT31: 915.37401 | AU31: -0.031260729 | AW31: 0.00045225208 | AX31: 8.126928 | AY31: 0.00031657645 | AZ31: 0.0006652833 | BA31: 12.180105 | BB31: 0.00046458104 | BC31: 0.00084052202 | BD31: 15.636621 | BE31: 0.00059007818 | BF31: 0.00041872879 | BG31: 15.019386 | BH31: 0.00029311015 | BI31: 0.00054983266 | BJ31: 19.957266 | BK31: 0.00038324925 | BL31: 0.00067342942 | BM31: 24.689401 | BN31: 0.0004706057 | BO31: 0.00058753856 | BP31: 26.746852 | BQ31: 0.0007792089 | BR31: 0.00076759069 | BS31: 34.256545 | BT31: 0.0010008184 | BU31: 0.00094487007 | BV31: 41.45762 | BW31: 0.0012133558 | BX31: 0.00056573499 | BY31: 38.57719 | BZ31: 0.0007525713 | CA31: 0.00071305023 | CB31: 47.732843 | CC31: 0.00093582705 | CD31: 0.00090540328 | CE31: 59.666054 | CF31: 0.0011675862
A32: 0.032204251 | B32: 97.002629 | C32: -0.014921268 | I32: 0.0030184665 | J32: 54.897944 | K32: 0.00051695503 | M32: 0.010078056 | N32: 195.65183 | O32: 0.0033235684 | U32: 0.0060373786 | V32: 211.03431 | W32: 0.0032237666 | AG32: 0.016096579 | AH32: 556.25124 | AI32: 0.00051664869 | AO32: 0.00050354856 | AP32: 48.89824 | AQ32: 0.00011466825 | AS32: 0.19221912 | AT32: 895.08915 | AU32: -0.031549745 | AW32: 0.0004682556 | AX32: 8.4224392 | AY32: 0.00032777892 | AZ32: 0.00068833417 | BA32: 12.622998 | BB32: 0.00048080934 | BC32: 0.00086902908 | BD32: 16.2052 | BE32: 0.00061047006 | BF32: 0.00043357581 | BG32: 15.565521 | BH32: 0.00030350307 | BI32: 0.0005690891 | BJ32: 20.682952 | BK32: 0.00039673037 | BL32: 0.00069671453 | BM32: 25.587157 | BN32: 0.00048703594 | BO32: 0.00061089213 | BP32: 27.71942 | BQ32: 0.00080900707 | BR32: 0.00079870736 | BS32: 35.50218 | BT32: 0.0010391435 | BU32: 0.00098365243 | BV32: 42.965101 | BW32: 0.0012594521 | BX32: 0.00058825314 | BY32: 39.979933 | BZ32: 0.00078148744 | CA32: 0.00074197317 | CB32: 49.468504 | CC32: 0.00097196559 | CD32: 0.00094254959 | CE32: 61.83563 | CF32: 0.0012121593
A33: 0.041764888 | B33: 109.30216 | C33: -0.018093718 | E33: 0.087101225 | F33: 93.278812 | G33: -0.024494183 | I33: 0.0055338552 | J33: 88.215041 | K33: 0.0012688896 | M33: 0.013101473 | N33: 206.32018 | O33: 0.0013267198 | Q33: 0.08462382 | R33: 261.02396 | S33: -0.011924759 | U33: 0.0080498381 | V33: 258.68236 | W33: 0.0032237666 | Y33: 0.063062737 | Z33: 479.82154 | AA33: -0.015007891 | AC33: 0.079560672 | AD33: 563.09667 | AE33: -0.018657199 | AG33: 0.025150905 | AH33: 652.42236 | AI33: -0.0014358808 | AK33: 0.054351848 | AL33: 737.35496 | AM33: -0.013135354 | AO33: 0.0020141942 | AP33: 174.72407 | AQ33: 0.00087012967 | AS33: 0 | AT33: 0 | AU33: 0 | AW33: 0.00048422931 | AX33: 8.7179504 | AY33: 0.00033896052 | AZ33: 0.00071130401 | BA33: 13.06589 | BB33: 0.0004969935 | BC33: 0.00089738851 | BD33: 16.773778 | BE33: 0.00063079228 | BF33: 0.00044839716 | BG33: 16.111655 | BH33: 0.00031387801 | BI33: 0.00058829357 | BJ33: 21.408638 | BK33: 0.00041018101 | BL33: 0.00071991346 | BM33: 26.484913 | BN33: 0.00050342094 | BO33: 0.00063438853 | BP33: 28.691989 | BQ33: 0.00083887481 | BR33: 0.00083004962 | BS33: 36.747816 | BT33: 0.0010775356 | BU33: 0.0010227377 | BV33: 44.472583 | BW33: 0.0013055707 | BX33: 0.00061091171 | BY33: 41.382676 | BZ33: 0.00081048279 | CA33: 0.00077110925 | CB33: 51.204165 | CC33: 0.0010081961 | CD33: 0.00097998769 | CE33: 64.005206 | CF33: 0.0012567766
A34: 0.053841482 | B34: 96.529486 | C34: -0.022301247 | I34: 0.010564633 | J34: 145.12108 | K34: 0.00080564421 | M34: 0.01612489 | N34: 209.75551 | O34: 0.00066335988 | U34: 0.010565412 | V34: 306.35524 | W34: 0.002532 | AG34: 0.033199195 | AH34: 729.10948 | AI34: -0.0043680299 | AO34: 0.0040283885 | AP34: 331.38467 | AQ34: 0.0010994662 | AS34: 0.0015095169 | AT34: 133.15202 | AU34: -5.3760109e-05 | AW34: 0.0005001733 | AX34: 9.0134617 | AY34: 0.00035012131 | AZ34: 0.00073419285 | BA34: 13.508783 | BB34: 0.00051313376 | BC34: 0.00092560046 | BD34: 17.342357 | BE34: 0.00065104534 | BF34: 0.00046319293 | BG34: 16.65779 | BH34: 0.00032423505 | BI34: 0.00060744609 | BJ34: 22.134324 | BK34: 0.00042360132 | BL34: 0.00074302619 | BM34: 27.382668 | BN34: 0.00051976094 | BO34: 0.00065802804 | BP34: 29.664557 | BQ34: 0.0008688092 | BR34: 0.00086161729 | BS34: 37.993452 | BT34: 0.0011159885 | BU34: 0.0010621247 | BV34: 45.980064 | BW34: 0.0013517019 | BX34: 0.00063371104 | BY34: 42.785419 | BZ34: 0.00083955473 | CA34: 0.00080045854 | CB34: 52.939825 | CC34: 0.0010445135 | CD34: 0.0010177166 | CE34: 66.174782 | CF34: 0.0013014291
A35: 0.061892545 | B35: 98.855699 | C35: -0.025473697 | E35: 0.094149879 | F35: 83.638576 | G35: -0.026192734 | I35: 0.013080021 | J35: 140.6661 | K35: 0.00017455624 | M35: 0.022675627 | N35: 216.23475 | O35: -0.0013334887 | Q35: 0.092683232 | R35: 264.66073 | S35: -0.012330133 | U35: 0.012577872 | V35: 307.3457 | W35: 0.00057759152 | Y35: 0.070630266 | Z35: 466.31366 | AA35: -0.018562392 | AC35: 0.089128095 | AD35: 516.24821 | AE35: -0.020512127 | AG35: 0.044265594 | AH35: 752.51223 | AI35: -0.010460459 | AK35: 0.060894201 | AL35: 726.86474 | AM35: -0.014823512 | AO35: 0.0050354856 | AP35: 390.21644 | AQ35: 0.0017335142 | AS35: 0.003522206 | AT35: 284.27539 | AU35: 0.00063168129 | AW35: 0.00051608769 | AX35: 9.3089729 | AY35: 0.00036126138 | AZ35: 0.00075700072 | BA35: 13.951676 | BB35: 0.00052923036 | BC35: 0.00095366513 | BD35: 17.910935 | BE35: 0.0006712297 | BF35: 0.0004779632 | BG35: 17.203925 | BH35: 0.00033457424 | BI35: 0.00062654668 | BJ35: 22.860009 | BK35: 0.00043699142 | BL35: 0.00076605271 | BM35: 28.280424 | BN35: 0.00053605619 | BO35: 0.00068181088 | BP35: 30.637126 | BQ35: 0.00089880737 | BR35: 0.0008934101 | BS35: 39.239088 | BT35: 0.0011544964 | BU35: 0.0011018119 | BV35: 47.487545 | BW35: 0.0013978359 | BX35: 0.00065665141 | BY35: 44.188162 | BZ35: 0.00086870064 | CA35: 0.00083002104 | CB35: 54.675486 | CC35: 0.0010809129 | CD35: 0.0010557353 | CE35: 68.344358 | CF35: 0.0013461079
A36: 0.069943608 | B36: 89.93962 | C36: -0.029573685 | I36: 0.018613876 | J36: 157.63061 | K36: -0.0016112884 | M36: 0.034769294 | N36: 217.98296 | O36: -0.0046570571 | U36: 0.017105906 | V36: 361.38864 | W36: -0.0012089125 | AG36: 0.054828974 | AH36: 757.31743 | AI36: -0.014593648 | AO36: 0.0070496798 | AP36: 455.84354 | AQ36: 0.0019088891 | AS36: 0.0090571011 | AT36: 566.46697 | AU36: 0.0019017639 | AW36: 0.00053197258 | AX36: 9.6044841 | AY36: 0.00037238081 | AZ36: 0.00077972768 | BA36: 14.394569 | BB36: 0.00054528353 | BC36: 0.00098158278 | BD36: 18.479514 | BE36: 0.00069134582 | BF36: 0.00049270806 | BG36: 17.750059 | BH36: 0.00034489564 | BI36: 0.00064559536 | BJ36: 23.585695 | BK36: 0.00045035146 | BL36: 0.00078899301 | BM36: 29.17818 | BN36: 0.00055230694 | BO36: 0.0007057373 | BP36: 31.609695 | BQ36: 0.00092886643 | BR36: 0.00092542778 | BS36: 40.484724 | BT36: 0.0011930535 | BU36: 0.0011417978 | BV36: 48.995026 | BW36: 0.0014439632 | BX36: 0.00067973312 | BY36: 45.590906 | BZ36: 0.00089791793 | CA36: 0.00085979671 | CB36: 56.411147 | CC36: 0.0011173895 | CD36: 0.0010940426 | CE36: 70.513934 | CF36: 0.0013908044
A37: 0.081013819 | B37: 81.019233 | C37: -0.031811875 | E37: 0.10119853 | F37: 79.08666 | G37: -0.026448864 | I37: 0.025153887 | J37: 186.38067 | K37: -0.0037395319 | M37: 0.043335642 | N37: 226.67172 | O37: -0.0073104966 | Q37: 0.10124636 | R37: 262.97451 | S37: -0.012965219 | U37: 0.02163394 | V37: 390.79189 | W37: -0.0031028754 | Y37: 0.078197794 | Z37: 456.50713 | AA37: -0.018433014 | AC37: 0.098191969 | AD37: 503.95982 | AE37: -0.021604848 | AG37: 0.065392354 | AH37: 746.31256 | AI37: -0.017351344 | AK37: 0.067436553 | AL37: 737.75708 | AM37: -0.016646185 | AO37: 0.014602908 | AP37: 590.66705 | AQ37: 0.0016795526 | AS37: 0.017107858 | AT37: 815.70316 | AU37: 0.0016732834 | AW37: 0.00054782809 | AX37: 9.8999953 | AY37: 0.00038347966 | AZ37: 0.00080237378 | BA37: 14.837461 | BB37: 0.00056129351 | BC37: 0.0010093537 | BD37: 19.048092 | BE37: 0.00071139417 | BF37: 0.0005074276 | BG37: 18.296194 | BH37: 0.00035519932 | BI37: 0.00066459215 | BJ37: 24.311381 | BK37: 0.00046368157 | BL37: 0.00081184713 | BM37: 30.075935 | BN37: 0.00056851343 | BO37: 0.00072980751 | BP37: 32.582263 | BQ37: 0.00095898356 | BR37: 0.00095766997 | BS37: 41.73036 | BT37: 0.0012316539 | BU37: 0.001182081 | BV37: 50.502508 | BW37: 0.0014900745 | BX37: 0.00070295642 | BY37: 46.993649 | BZ37: 0.00092720402 | CA37: 0.00088978549 | CB37: 58.146808 | CC37: 0.0011539382 | CD37: 0.0011326373 | CE37: 72.68351 | CF37: 0.00143551
A38: 0.089568073 | B38: 86.293656 | C38: -0.033727444 | I38: 0.030687742 | J38: 186.17361 | K38: -0.0058610616 | M38: 0.060468338 | N38: 217.07405 | O38: -0.011967554 | U38: 0.025658859 | V38: 412.94226 | W38: -0.0046005836 | AG38: 0.076458753 | AH38: 734.1251 | AI38: -0.019994975 | AO38: 0.023163234 | AP38: 697.32097 | AQ38: 0.00058008645 | AS38: 0.025661787 | AT38: 955.76928 | AU38: -0.00017472036 | AW38: 0.00056365433 | AX38: 10.195507 | AY38: 0.00039455803 | AZ38: 0.00082493911 | BA38: 15.280354 | BB38: 0.00057726053 | BC38: 0.0010369782 | BD38: 19.616671 | BE38: 0.00073137519 | BF38: 0.00052212191 | BG38: 18.842329 | BH38: 0.00036548533 | BI38: 0.00068353709 | BJ38: 25.037067 | BK38: 0.00047698189 | BL38: 0.0008346151 | BM38: 30.973691 | BN38: 0.00058467589 | BO38: 0.0007540217 | BP38: 33.554832 | BQ38: 0.00098915594 | BR38: 0.0009901363 | BS38: 42.975996 | BT38: 0.0012702919 | BU38: 0.0012226599 | BV38: 52.009989 | BW38: 0.0015361605 | BX38: 0.00072632156 | BY38: 48.396392 | BZ38: 0.00095655637 | CA38: 0.00091998726 | CB38: 59.882469 | CC38: 0.0011905544 | CD38: 0.0011715183 | CE38: 74.853086 | CF38: 0.0014802164
A39: 0.10416062 | B39: 80.47543 | C39: -0.036899894 | E39: 0.10875066 | F39: 79.325066 | G39: -0.027365542 | I39: 0.037730831 | J39: 190.08752 | K39: -0.010231681 | M39: 0.078104937 | N39: 208.51255 | O39: -0.017281202 | Q39: 0.10930577 | R39: 257.45516 | S39: -0.01395163 | U39: 0.029683778 | V39: 438.10151 | W39: -0.0063870876 | Y39: 0.086269824 | Z39: 439.15089 | AA39: -0.019617847 | AC39: 0.10775939 | AD39: 499.50428 | AE39: -0.022704314 | AG39: 0.087022133 | AH39: 734.86063 | AI39: -0.022121958 | AK39: 0.073978905 | AL39: 724.84919 | AM39: -0.019114529 | AO39: 0.033737754 | AP39: 742.57341 | AQ39: -0.0013288027 | AS39: 0.033209371 | AT39: 1036.0097 | AU39: -0.0017808036 | AW39: 0.00057945139 | AX39: 10.491018 | AY39: 0.00040561598 | AZ39: 0.00084742375 | BA39: 15.723247 | BB39: 0.00059318482 | BC39: 0.0010644568 | BD39: 20.185249 | BE39: 0.00075128935 | BF39: 0.00053679106 | BG39: 19.388463 | BH39: 0.00037575375 | BI39: 0.00070243022 | BJ39: 25.762752 | BK39: 0.00049025254 | BL39: 0.00085729698 | BM39: 31.871446 | BN39: 0.00060079457 | BO39: 0.00077838005 | BP39: 34.5274 | BQ39: 0.0010193808 | BR39: 0.0010228264 | BS39: 44.221632 | BT39: 0.0013089618 | BU39: 0.0012635326 | BV39: 53.51747 | BW39: 0.0015822122 | BX39: 0.00074982878 | BY39: 49.799135 | BZ39: 0.00098597244 | CA39: 0.00095040188 | CB39: 61.61813 | CC39: 0.0012272333 | CD39: 0.0012106841 | CE39: 77.022662 | CF39: 0.0015249152
A40: 0.11573403 | B40: 73.335311 | C40: -0.039252346 | I40: 0.049804697 | J40: 196.87101 | K40: -0.013454258 | M40: 0.089190798 | N40: 198.78213 | O40: -0.01994141 | U40: 0.033708697 | V40: 434.37618 | W40: -0.0082273211 | AG40: 0.098088531 | AH40: 728.92613 | AI40: -0.024020809 | AO40: 0.040283885 | AP40: 759.99625 | AQ40: -0.0026576054 | AS40: 0.041260127 | AT40: 1080.8974 | AU40: -0.0044889691 | AW40: 0.0005952194 | AX40: 10.786529 | AY40: 0.00041665358 | AZ40: 0.00086982781 | BA40: 16.16614 | BB40: 0.0006090666 | BC40: 0.0010917898 | BD40: 20.753828 | BE40: 0.00077113708 | BF40: 0.00055143516 | BG40: 19.934598 | BH40: 0.00038600461 | BI40: 0.00072127157 | BJ40: 26.488438 | BK40: 0.00050349366 | BL40: 0.00087989283 | BM40: 32.769202 | BN40: 0.00061686971 | BO40: 0.00080288273 | BP40: 35.499969 | BQ40: 0.0010496553 | BR40: 0.0010557397 | BS40: 45.467268 | BT40: 0.0013476583 | BU40: 0.0013046977 | BV40: 55.024952 | BW40: 0.0016282209 | BX40: 0.0007734783 | BY40: 51.201878 | BZ40: 0.0010154497 | CA40: 0.00098102917 | CB40: 63.353791 | CC40: 0.0012639702 | CD40: 0.0012501335 | CE40: 79.192238 | CF40: 0.0015695984
A41: 0.12177232 | B41: 86.75178 | C41: -0.040072343 | E41: 0.11680627 | F41: 78.711223 | G41: -0.026974606 | I41: 0.056344707 | J41: 186.48332 | K41: -0.015293812 | M41: 0.10027666 | N41: 196.59702 | O41: -0.02126813 | Q41: 0.11786889 | R41: 251.93264 | S41: -0.014586716 | U41: 0.037733616 | V41: 444.01367 | W41: -0.0099533794 | Y41: 0.094341855 | Z41: 435.04564 | AA41: -0.020407736 | AC41: 0.11783036 | AD41: 510.156 | AE41: -0.023223694 | AG41: 0.10865191 | AH41: 733.53797 | AI41: -0.026315535 | AK41: 0.080521257 | AL41: 710.73985 | AM41: -0.020674899 | AO41: 0.04884421 | AP41: 769.00789 | AQ41: -0.0040403696 | AS41: 0.048807712 | AT41: 1136.0555 | AU41: -0.0070224143 | AW41: 0.00061095845 | AX41: 11.08204 | AY41: 0.00042767092 | AZ41: 0.00089215139 | BA41: 16.609032 | BB41: 0.00062490611 | BC41: 0.0011189778 | BD41: 21.322406 | BE41: 0.00079091883 | BF41: 0.00056605428 | BG41: 20.480733 | BH41: 0.000396238 | BI41: 0.0007400612 | BJ41: 27.214124 | BK41: 0.00051670538 | BL41: 0.00090240275 | BM41: 33.666958 | BN41: 0.00063290153 | BO41: 0.00082752989 | BP41: 36.472537 | BQ41: 0.0010799769 | BR41: 0.0010888758 | BS41: 46.712904 | BT41: 0.0013863756 | BU41: 0.0013461531 | BV41: 56.532433 | BW41: 0.0016741779 | BX41: 0.00079727033 | BY41: 52.604621 | BZ41: 0.0010449858 | CA41: 0.0010118689 | CB41: 65.089451 | CC41: 0.0013007605 | CD41: 0.0012898649 | CE41: 81.361814 | CF41: 0.001614258
A42: 0.1293202 | B42: 81.400169 | C42: -0.042418074 | I42: 0.061878562 | J42: 175.73472 | K42: -0.017079657 | M42: 0.10581959 | N42: 198.39504 | O42: -0.02259485 | U42: 0.041758535 | V42: 441.93468 | W42: -0.012599555 | AG42: 0.11971831 | AH42: 740.73506 | AI42: -0.028731035 | AO42: 0.058411633 | AP42: 794.73524 | AQ42: -0.006063927 | AS42: 0.056355296 | AT42: 1157.4791 | AU42: -0.00984482 | AW42: 0.00062666866 | AX42: 11.377551 | AY42: 0.00043866806 | AZ42: 0.00091439463 | BA42: 17.051925 | BB42: 0.00064070357 | BC42: 0.0011460212 | BD42: 21.890985 | BE42: 0.00081063503 | BF42: 0.00058064851 | BG42: 21.026867 | BH42: 0.00040645396 | BI42: 0.00075879916 | BJ42: 27.93981 | BK42: 0.00052988784 | BL42: 0.00092482683 | BM42: 34.564713 | BN42: 0.00064889028 | BO42: 0.00085232166 | BP42: 37.445106 | BQ42: 0.0011103427 | BR42: 0.0011222341 | BS42: 47.95854 | BT42: 0.0014251085 | BU42: 0.0013878972 | BV42: 58.039914 | BW42: 0.0017200746 | BX42: 0.00082120504 | BY42: 54.007364 | BZ42: 0.0010745781 | CA42: 0.0010429209 | CB42: 66.825112 | CC42: 0.0013375996 | CD42: 0.0013298769 | CE42: 83.53139 | CF42: 0.0016588862
A43: 0.14240317 | B43: 76.954758 | C43: -0.044387413 | E43: 0.12385492 | F43: 81.69775 | G43: -0.028147415 | I43: 0.068921651 | J43: 194.16457 | K43: -0.018690946 | M43: 0.11136252 | N43: 186.26616 | O43: -0.023928339 | Q43: 0.12693573 | R43: 245.4435 | S43: -0.015397465 | U43: 0.045280339 | V43: 427.3591 | W43: -0.014553963 | Y43: 0.10241389 | Z43: 448.44421 | AA43: -0.020537114 | AC43: 0.12790133 | AD43: 525.30011 | AE43: -0.024957208 | AG43: 0.13078471 | AH43: 743.49408 | AI43: -0.031146536 | AK43: 0.089579898 | AL43: 696.54088 | AM43: -0.022497572 | AO43: 0.066971958 | AP43: 792.05293 | AQ43: -0.0077367344 | AS43: 0.06390288 | AT43: 1159.9541 | AU43: -0.013870108 | AW43: 0.00064235013 | AX43: 11.673063 | AY43: 0.00044964509 | AZ43: 0.00093655766 | BA43: 17.494818 | BB43: 0.0006564592 | BC43: 0.0011729206 | BD43: 22.459564 | BE43: 0.00083028612 | BF43: 0.00059521793 | BG43: 21.573002 | BH43: 0.00041665255 | BI43: 0.0007774855 | BJ43: 28.665496 | BK43: 0.00054304115 | BL43: 0.00094716519 | BM43: 35.462469 | BN43: 0.00066483617 | BO43: 0.00087725816 | BP43: 38.417675 | BQ43: 0.00114075 | BR43: 0.0011558142 | BS43: 49.204175 | BT43: 0.0014638516 | BU43: 0.001429928 | BV43: 59.547396 | BW43: 0.0017659028 | BX43: 0.00084528263 | BY43: 55.410108 | BZ43: 0.0011042242 | CA43: 0.0010741847 | CB43: 68.560773 | CC43: 0.0013744829 | CD43: 0.0013701679 | CE43: 85.700966 | CF43: 0.0017034753
A44: 0.14894466 | B44: 75.0054 | C44: -0.044831018 | I44: 0.076467817 | J44: 181.89382 | K44: -0.020241811 | M44: 0.12345619 | N44: 193.25846 | O44: -0.026588547 | U44: 0.047795914 | V44: 405.79809 | W44: -0.016340467 | AG44: 0.14839034 | AH44: 763.13628 | AI44: -0.031891315 | AO44: 0.075028735 | AP44: 804.11322 | AQ44: -0.0094702485 | AS44: 0.075475843 | AT44: 1148.4725 | AU44: -0.015825632 | AW44: 0.00065800295 | AX44: 11.968574 | AY44: 0.00046060207 | AZ44: 0.00095864063 | BA44: 17.937711 | BB44: 0.00067217322 | BC44: 0.0011996767 | BD44: 23.028142 | BE44: 0.00084987252 | BF44: 0.00060976263 | BG44: 22.119137 | BH44: 0.00042683384 | BI44: 0.00079612028 | BJ44: 29.391181 | BK44: 0.00055616545 | BL44: 0.00096941796 | BM44: 36.360224 | BN44: 0.00068073945 | BO44: 0.00090233951 | BP44: 39.390243 | BQ44: 0.0011711963 | BR44: 0.0011896153 | BS44: 50.449811 | BT44: 0.0015025996 | BU44: 0.0014722435 | BV44: 61.054877 | BW44: 0.0018116543 | BX44: 0.00086950324 | BY44: 56.812851 | BZ44: 0.0011339217 | CA44: 0.0011056602 | CB44: 70.296434 | CC44: 0.001411406 | CD44: 0.0014107364 | CE44: 87.870542 | CF44: 0.0017480177
A45: 0.16202764 | B45: 70.760249 | C45: -0.046027408 | E45: 0.132414 | F45: 69.59146 | G45: -0.028538351 | I45: 0.084517061 | J45: 190.23657 | K45: -0.022309631 | M45: 0.13554986 | N45: 180.72675 | O45: -0.026588547 | Q45: 0.13549886 | R45: 254.12259 | S45: -0.015566371 | U45: 0.060876901 | V45: 361.77329 | W45: -0.021982059 | Y45: 0.11199942 | Z45: 434.07059 | AA45: -0.022777403 | AC45: 0.13746876 | AD45: 510.87281 | AE45: -0.026576054 | AG45: 0.15995976 | AH45: 755.65221 | AI45: -0.033266808 | AK45: 0.10115483 | AL45: 667.33134 | AM45: -0.026916377 | AO45: 0.08409261 | AP45: 782.35702 | AQ45: -0.011783849 | AS45: 0.084532944 | AT45: 1155.6207 | AU45: -0.017438435 | AW45: 0.00067362725 | AX45: 12.264085 | AY45: 0.00047153907 | AZ45: 0.00098064369 | BA45: 18.380603 | BB45: 0.00068784585 | BC45: 0.0012262899 | BD45: 23.596721 | BE45: 0.00086939467 | BF45: 0.00062428269 | BG45: 22.665271 | BH45: 0.00043699788 | BI45: 0.00081470356 | BJ45: 30.116867 | BK45: 0.00056926086 | BL45: 0.00099158528 | BM45: 37.25798 | BN45: 0.00069660034 | BO45: 0.00092756578 | BP45: 40.362812 | BQ45: 0.0012016788 | BR45: 0.0012236369 | BS45: 51.695447 | BT45: 0.0015413473 | BU45: 0.0015148418 | BV45: 62.562358 | BW45: 0.0018573211 | BX45: 0.00089386703 | BY45: 58.215594 | BZ45: 0.0011636682 | CA45: 0.0011373469 | CB45: 72.032095 | CC45: 0.0014483644 | CD45: 0.0014515808 | CE45: 90.040118 | CF45: 0.0017925061
A46: 0.17812976 | B46: 62.199231 | C46: -0.047398552 | I46: 0.091560149 | J46: 168.3853 | K46: -0.025129385 | M46: 0.1426045 | N46: 188.73023 | O46: -0.025918418 | U46: 0.073957887 | V46: 363.58907 | W46: -0.023654388 | AG46: 0.17303823 | AH46: 754.74983 | AI46: -0.03419275 | AO46: 0.095674226 | AP46: 773.2962 | AQ46: -0.014906873 | AS46: 0.093590045 | AT46: 1159.3594 | AU46: -0.018762278 | AW46: 0.00068922311 | AX46: 12.559596 | AY46: 0.00048245618 | AZ46: 0.001002567 | BA46: 18.823496 | BB46: 0.00070347731 | BC46: 0.001252761 | BD46: 24.165299 | BE46: 0.00088885298 | BF46: 0.0006387782 | BG46: 23.211406 | BH46: 0.00044714474 | BI46: 0.00083323541 | BJ46: 30.842553 | BK46: 0.00058232752 | BL46: 0.0010136673 | BM46: 38.155736 | BN46: 0.00071241906 | BO46: 0.00095293707 | BP46: 41.33538 | BQ46: 0.0012321951 | BR46: 0.0012578782 | BS46: 52.941083 | BT46: 0.0015800897 | BU46: 0.0015577209 | BV46: 64.069839 | BW46: 0.0019028955 | BX46: 0.00091837414 | BY46: 59.618337 | BZ46: 0.0011934614 | CA46: 0.0011692445 | CB46: 73.767756 | CC46: 0.0014853539 | CD46: 0.0014926993 | CE46: 92.209695 | CF46: 0.0018369332
A47: 0.19070955 | B47: 72.347434 | C47: -0.047889206 | E47: 0.14097308 | F47: 78.171481 | G47: -0.028538351 | I47: 0.099609393 | J47: 184.37291 | K47: -0.026680251 | M47: 0.15520207 | N47: 183.61044 | O47: -0.026588547 | Q47: 0.14406198 | R47: 246.82029 | S47: -0.016147407 | U47: 0.0845233 | V47: 367.49037 | W47: -0.024399884 | Y47: 0.12007145 | Z47: 438.72254 | AA47: -0.022777403 | AC47: 0.14804328 | AD47: 524.87221 | AE47: -0.028363529 | AG47: 0.1861167 | AH47: 761.5254 | AI47: -0.034763076 | AK47: 0.11927211 | AL47: 613.69275 | AM47: -0.029384721 | AO47: 0.10675229 | AP47: 775.83315 | AQ47: -0.01657968 | AS47: 0.10264715 | AT47: 1168.1767 | AU47: -0.01985764 | AW47: 0.00070479065 | AX47: 12.855108 | AY47: 0.00049335346 | AZ47: 0.0010244108 | BA47: 19.266389 | BB47: 0.00071906781 | BC47: 0.0012790908 | BD47: 24.733878 | BE47: 0.00090824786 | BF47: 0.00065324923 | BG47: 23.757541 | BH47: 0.00045727446 | BI47: 0.0008517159 | BJ47: 31.568239 | BK47: 0.00059536555 | BL47: 0.0010356642 | BM47: 39.053491 | BN47: 0.00072819583 | BO47: 0.00097845344 | BP47: 42.307949 | BQ47: 0.0012627424 | BR47: 0.0012923387 | BS47: 54.186719 | BT47: 0.0016188217 | BU47: 0.0016008786 | BV47: 65.577321 | BW47: 0.0019483698 | BX47: 0.00094302468 | BY47: 61.02108 | BZ47: 0.0012232988 | CA47: 0.0012013527 | CB47: 75.503416 | CC47: 0.0015223699 | CD47: 0.0015340903 | CE47: 94.379271 | CF47: 0.001881292
I48: 0.10967095 | J48: 191.73805 | K48: -0.030768895 | M48: 0.16225671 | N48: 183.41084 | O48: -0.026588547 | U48: 0.094585598 | V48: 374.35553 | W48: -0.025494621 | AG48: 0.19869215 | AH48: 754.38167 | AI48: -0.035682309 | AO48: 0.11380197 | AP48: 773.39761 | AQ48: -0.017503771 | AS48: 0.11170425 | AT48: 1174.283 | AU48: -0.021470444 | AW48: 0.00072032997 | AX48: 13.150619 | AY48: 0.00050423098 | AZ48: 0.0010461752 | BA48: 19.709282 | BB48: 0.00073461757 | BC48: 0.0013052798 | BD48: 25.302456 | BE48: 0.00092757974 | BF48: 0.00066769587 | BG48: 24.303675 | BH48: 0.00046738711 | BI48: 0.00087014511 | BJ48: 32.293925 | BK48: 0.00060837507 | BL48: 0.0010575762 | BM48: 39.951247 | BN48: 0.00074393089 | BO48: 0.0010041149 | BP48: 43.280517 | BQ48: 0.0012933182 | BR48: 0.0013270175 | BS48: 55.432355 | BT48: 0.0016575384 | BU48: 0.001644313 | BV48: 67.084802 | BW48: 0.0019937365 | BX48: 0.00096781877 | BY48: 62.423823 | BZ48: 0.0012531781 | CA48: 0.0012336708 | CB48: 77.239077 | CC48: 0.0015594084 | CD48: 0.001575752 | CE48: 96.548847 | CF48: 0.0019255754
E49: 0.14902869 | F49: 72.851978 | G49: -0.028929288 | I49: 0.11671404 | J49: 177.22057 | K49: -0.032205627 | M49: 0.17586208 | N49: 178.57774 | O49: -0.029905346 | Q49: 0.15413624 | R49: 245.64168 | S49: -0.016728444 | U49: 0.10515101 | V49: 387.85078 | W49: -0.026528913 | Y49: 0.12915249 | Z49: 443.84684 | AA49: -0.022382459 | AC49: 0.16063199 | AD49: 491.53305 | AE49: -0.029577664 | AK49: 0.1313503 | AL49: 614.48233 | AM49: -0.03094509 | AO49: 0.1213552 | AP49: 722.34927 | AQ49: -0.018717906 | AS49: 0.12076135 | AT49: 1164.6345 | AU49: -0.022680046 | AW49: 0.00073584117 | AX49: 13.44613 | AY49: 0.00051508882 | AZ49: 0.0010678605 | BA49: 20.152175 | BB49: 0.00075012681 | BC49: 0.0013313289 | BD49: 25.871035 | BE49: 0.00094684901 | BF49: 0.0006821182 | BG49: 24.84981 | BH49: 0.00047748274 | BI49: 0.00088852312 | BJ49: 33.01961 | BK49: 0.00062135621 | BL49: 0.0010794034 | BM49: 40.849002 | BN49: 0.00075962444 | BO49: 0.0010299216 | BP49: 44.253086 | BQ49: 0.0013239201 | BR49: 0.001361914 | BS49: 56.677991 | BT49: 0.0016962347 | BU49: 0.0016880218 | BV49: 68.592283 | BW49: 0.0020389884 | BX49: 0.00099275651 | BY49: 63.826566 | BZ49: 0.001283097 | CA49: 0.0012661986 | CB49: 78.974738 | CC49: 0.0015964651 | CD49: 0.0016176827 | CE49: 98.718423 | CF49: 0.0019697766
I50: 0.12576944 | J50: 162.32516 | K50: -0.033293247 | M50: 0.18291672 | N50: 173.57728 | O50: -0.030575475 | U50: 0.11672265 | V50: 383.54736 | W50: -0.027106504 | AO50: 0.13041908 | AP50: 753.26309 | AQ50: -0.019297992 | AS50: 0.13082479 | AT50: 1155.6372 | AU50: -0.024118129 | AW50: 0.00075132435 | AX50: 13.741641 | AY50: 0.00052592704 | AZ50: 0.0010894668 | BA50: 20.595067 | BB50: 0.00076559572 | BC50: 0.0013572388 | BD50: 26.439613 | BE50: 0.00096605608 | BF50: 0.00069651631 | BG50: 25.395945 | BH50: 0.00048756142 | BI50: 0.00090685 | BJ50: 33.745296 | BK50: 0.0006343091 | BL50: 0.0011011461 | BM50: 41.746758 | BN50: 0.00077527672 | BO50: 0.0010558735 | BP50: 45.225655 | BQ50: 0.0013545454 | BR50: 0.0013970274 | BS50: 57.923627 | BT50: 0.001734906 | BU50: 0.0017320028 | BV50: 70.099765 | BW50: 0.0020841182 | BX50: 0.001017838 | BY50: 65.22931 | BZ50: 0.0013130533 | CA50: 0.0012989355 | CB50: 80.710399 | CC50: 0.0016335358 | CD50: 0.0016598805 | CE50: 100.888 | CF50: 0.0020138889
E51: 0.15809124 | F51: 70.363314 | G51: -0.029185418 | I51: 0.13583099 | J51: 170.36333 | K51: -0.034333871 | M51: 0.18997136 | N51: 171.71169 | O51: -0.032565555 | Q51: 0.1637068 | R51: 248.13721 | S51: -0.017248674 | U51: 0.12980364 | V51: 376.77664 | W51: -0.027966175 | Y51: 0.14327854 | Z51: 436.96381 | AA51: -0.023696671 | AC51: 0.17171006 | AD51: 489.97153 | AE51: -0.030501755 | AK51: 0.14393175 | AL51: 615.93691 | AM51: -0.031987579 | AO51: 0.13595811 | AP51: 746.25568 | AQ51: -0.019641997 | AS51: 0.1398819 | AT51: 1171.843 | AU51: -0.02463557 | AW51: 0.00076677961 | AX51: 14.037152 | AY51: 0.00053674573 | AZ51: 0.0011109944 | BA51: 21.03796 | BB51: 0.00078102452 | BC51: 0.0013830104 | BD51: 27.008192 | BE51: 0.00098520135 | BF51: 0.00071089028 | BG51: 25.942079 | BH51: 0.00049762319 | BI51: 0.00092512584 | BJ51: 34.470982 | BK51: 0.00064723384 | BL51: 0.0011228045 | BM51: 42.644514 | BN51: 0.00079088792 | BO51: 0.0010819706 | BP51: 46.198223 | BQ51: 0.0013851917 | BR51: 0.0014323569 | BS51: 59.169263 | BT51: 0.0017735475 | BU51: 0.001776254 | BV51: 71.607246 | BW51: 0.002129119 | BX51: 0.0010430632 | BY51: 66.632053 | BZ51: 0.0013430445 | CA51: 0.001331881 | CB51: 82.44606 | CC51: 0.0016706164 | CD51: 0.0017023435 | CE51: 103.05757 | CF51: 0.0020579058
I52: 0.14388023 | J52: 178.38534 | K52: -0.034790402 | U52: 0.13885971 | V52: 362.95771 | W52: -0.028429592 | AO52: 0.14653263 | AP52: 747.4644 | AQ52: -0.020276045 | AS52: 0.14994534 | AT52: 1170.584 | AU52: -0.025616692 | AW52: 0.00078220705 | AX52: 14.332664 | AY52: 0.00054754494 | AZ52: 0.0011324435 | BA52: 21.480853 | BB52: 0.00079641342 | BC52: 0.0014086445 | BD52: 27.576771 | BE52: 0.0010042852 | BF52: 0.00072524017 | BG52: 26.488214 | BH52: 0.00050766812 | BI52: 0.00094335074 | BJ52: 35.196668 | BK52: 0.00066013058 | BL52: 0.0011443788 | BM52: 43.542269 | BN52: 0.00080645828 | BO52: 0.0011082129 | BP52: 47.170792 | BQ52: 0.0014158565 | BR52: 0.0014679016 | BS52: 60.414899 | BT52: 0.0018121545 | BU52: 0.001820773 | BV52: 73.114727 | BW52: 0.0021739841 | BX52: 0.0010684324 | BY52: 68.034796 | BZ52: 0.0013730685 | CA52: 0.0013650346 | CB52: 84.181721 | CC52: 0.0017077029 | CD52: 0.00174507 | CE52: 105.22715 | CF52: 0.0021018208
E53: 0.16665032 | F53: 78.467338 | G53: -0.029185418 | I53: 0.15343871 | J53: 178.8072 | K53: -0.035710179 | Q53: 0.17327735 | R53: 242.50893 | S53: -0.017768904 | U53: 0.15596561 | V53: 350.21572 | W53: -0.029638504 | Y53: 0.1589181 | Z53: 430.44207 | AA53: -0.024227803 | AC53: 0.18379522 | AD53: 479.38071 | AE53: -0.031601221 | AK53: 0.15701645 | AL53: 621.68441 | AM53: -0.033810252 | AO53: 0.15962489 | AP53: 732.45896 | AQ53: -0.021085468 | AS53: 0.16051196 | AT53: 1131.4471 | AU53: -0.027625976 | AW53: 0.00079760678 | AX53: 14.628175 | AY53: 0.00055832474 | AZ53: 0.0011538143 | BA53: 21.923746 | BB53: 0.00081176263 | BC53: 0.0014341419 | BD53: 28.145349 | BE53: 0.0010233081 | BF53: 0.00073956609 | BG53: 27.034349 | BH53: 0.00051769626 | BI53: 0.00096152478 | BJ53: 35.922353 | BK53: 0.00067299942 | BL53: 0.0011658693 | BM53: 44.440025 | BN53: 0.00082198799 | BO53: 0.0011346005 | BP53: 48.14336 | BQ53: 0.0014465375 | BR53: 0.0015036607 | BS53: 61.660535 | BT53: 0.0018507224 | BU53: 0.0018655577 | BV53: 74.622209 | BW53: 0.0022187066 | BX53: 0.0010939455 | BY53: 69.437539 | BZ53: 0.0014031231 | CA53: 0.0013983958 | CB53: 85.917382 | CC53: 0.0017447913 | CD53: 0.0017880579 | CE53: 107.39673 | CF53: 0.0021456278
I54: 0.16199103 | J54: 166.90403 | K54: -0.036979069 | U54: 0.16351234 | V54: 381.78944 | W54: -0.029235533 | Y54: 0.16699013 | Z54: 423.15261 | AA54: -0.023437914 | AO54: 0.16919232 | AP54: 719.82247 | AQ54: -0.021780223 | AS54: 0.17107858 | AT54: 1139.2603 | AU54: -0.028660858 | AW54: 0.00081297889 | AX54: 14.923686 | AY54: 0.00056908522 | AZ54: 0.0011751071 | BA54: 22.366638 | BB54: 0.00082707234 | BC54: 0.0014595035 | BD54: 28.713928 | BE54: 0.0010422703 | BF54: 0.0007538681 | BG54: 27.580483 | BH54: 0.00052770767 | BI54: 0.00097964807 | BJ54: 36.648039 | BK54: 0.00068584049 | BL54: 0.0011872762 | BM54: 45.337781 | BN54: 0.00083747729 | BO54: 0.0011611333 | BP54: 49.115929 | BQ54: 0.0014772321 | BR54: 0.0015396333 | BS54: 62.906171 | BT54: 0.0018892467 | BU54: 0.0019106057 | BV54: 76.12969 | BW54: 0.0022632803 | BX54: 0.0011196025 | BY54: 70.840282 | BZ54: 0.0014332059 | CA54: 0.0014319639 | CB54: 87.653042 | CC54: 0.0017818776 | CD54: 0.0018313055 | CE54: 109.5663 | CF54: 0.0021893205
E55: 0.1752094 | F55: 71.38391 | G55: -0.030493033 | I55: 0.17205259 | J55: 182.74622 | K55: -0.037496024 | Q55: 0.18385532 | R55: 238.57516 | S55: -0.018059422 | U55: 0.17659332 | V55: 368.84644 | W55: -0.03015565 | AC55: 0.19537684 | AD55: 478.12567 | AE55: -0.031715889 | AK55: 0.17463048 | AL55: 598.97541 | AM55: -0.035236107 | AO55: 0.18278813 | AP55: 724.04475 | AQ55: -0.022360309 | AS55: 0.18214837 | AT55: 1140.5164 | AU55: -0.030045181 | AW55: 0.00082832347 | AX55: 15.219197 | AY55: 0.00057982643 | AZ55: 0.0011963222 | BA55: 22.809531 | BB55: 0.00084234276 | BC55: 0.0014847302 | BD55: 29.282506 | BE55: 0.0010611723 | BF55: 0.00076814629 | BG55: 28.126618 | BH55: 0.0005377024 | BI55: 0.00099772069 | BJ55: 37.373725 | BK55: 0.00069865391 | BL55: 0.0012085997 | BM55: 46.235536 | BN55: 0.00085292636 | BO55: 0.0011878113 | BP55: 50.088498 | BQ55: 0.001507938 | BR55: 0.0015758187 | BS55: 64.151806 | BT55: 0.0019277229 | BU55: 0.0019559148 | BV55: 77.637171 | BW55: 0.0023076986 | BX55: 0.0011454035 | BY55: 72.243025 | BZ55: 0.0014633149 | CA55: 0.0014657385 | CB55: 89.388703 | CC55: 0.0018189579 | CD55: 0.0018748107 | CE55: 111.73588 | CF55: 0.0022328929
I56: 0.18060491 | J56: 175.25712 | K56: -0.038066689 | U56: 0.1891712 | V56: 356.76258 | W56: -0.030672796 | AC56: 0.20242652 | AD56: 471.35944 | AE56: -0.032410644 | AO56: 0.19688749 | AP56: 705.73575 | AQ56: -0.022589646 | AS56: 0.19321816 | AT56: 1131.324 | AU56: -0.031657984 | AW56: 0.00084364064 | AX56: 15.514709 | AY56: 0.00059054845 | AZ56: 0.0012174597 | BA56: 23.252424 | BB56: 0.0008575741 | BC56: 0.0015098229 | BD56: 29.851085 | BE56: 0.0010800145 | BF56: 0.00078240073 | BG56: 28.672752 | BH56: 0.00054768051 | BI56: 0.0010157428 | BJ56: 38.099411 | BK56: 0.0007114398 | BL56: 0.0012298402 | BM56: 47.133292 | BN56: 0.00086833543 | BO56: 0.0012146344 | BP56: 51.061066 | BQ56: 0.0015386528 | BR56: 0.0016122158 | BS56: 65.397442 | BT56: 0.0019661467 | BU56: 0.0020014827 | BV56: 79.144652 | BW56: 0.0023519555 | BX56: 0.0011713486 | BY56: 73.645768 | BZ56: 0.0014934477 | CA56: 0.0014997187 | CB56: 91.124364 | CC56: 0.0018560284 | CD56: 0.0019185716 | CE56: 113.90546 | CF56: 0.0022763392
E57: 0.18477543 | F57: 73.255009 | G57: -0.029839226 | I57: 0.19167262 | J57: 172.54962 | K57: -0.03870449 | Q57: 0.1944333 | R57: 238.79563 | S57: -0.018349941 | AC57: 0 | AD57: 0 | AE57: 0 | AK57: 0.1982836 | AL57: 547.70425 | AM57: -0.041867678 | AO57: 0.20595136 | AP57: 710.02296 | AQ57: -0.022818982 | AS57: 0.20428795 | AT57: 1137.2765 | AU57: -0.032807107 | AW57: 0.00085893049 | AX57: 15.81022 | AY57: 0.00060125134 | AZ57: 0.00123852 | BA57: 23.695317 | BB57: 0.00087276654 | BC57: 0.0015347826 | BD57: 30.419663 | BE57: 0.0010987972 | BF57: 0.0007966315 | BG57: 29.218887 | BH57: 0.00055764205 | BI57: 0.0010337144 | BJ57: 38.825097 | BK57: 0.00072419827 | BL57: 0.0012509979 | BM57: 48.031047 | BN57: 0.00088370469 | BO57: 0.0012416026 | BP57: 52.033635 | BQ57: 0.0015693741 | BR57: 0.0016488237 | BS57: 66.643078 | BT57: 0.0020045137 | BU57: 0.0020473072 | BV57: 80.652134 | BW57: 0.0023960449 | BX57: 0.0011974377 | BY57: 75.048512 | BZ57: 0.0015236024 | CA57: 0.0015339042 | CB57: 92.860025 | CC57: 0.0018930853 | CD57: 0.0019625862 | CE57: 116.07503 | CF57: 0.0023196536
I58: 0.20072802 | J58: 183.02314 | K58: -0.039510135 | AC58: 0.0010068469 | AD58: 125.85347 | AE58: 0.00017515705 | AW58: 0.0008741931 | AX58: 16.105731 | AY58: 0.00061193517 | AZ58: 0.0012595033 | BA58: 24.138209 | BB58: 0.0008879203 | BC58: 0.0015596101 | BD58: 30.988242 | BE58: 0.0011175207 | BF58: 0.00081083869 | BG58: 29.765022 | BH58: 0.00056758708 | BI58: 0.0010516357 | BJ58: 39.550782 | BK58: 0.00073692944 | BL58: 0.0012720732 | BM58: 48.928803 | BN58: 0.00089903436 | BO58: 0.0012687159 | BP58: 53.006203 | BQ58: 0.0016000997 | BR58: 0.0016856416 | BS58: 67.888714 | BT58: 0.0020428197 | BU58: 0.0020933858 | BV58: 82.159615 | BW58: 0.0024399609 | BX58: 0.0012236708 | BY58: 76.451255 | BZ58: 0.0015537767 | CA58: 0.0015682941 | CB58: 94.595686 | CC58: 0.0019301249 | CD58: 0.0020068525 | CE58: 118.24461 | CF58: 0.0023628306
E59: 0.19484494 | F59: 81.670385 | G59: -0.030749164 | Q59: 0.20400385 | R59: 236.84794 | S59: -0.018579653 | Y59: 0 | Z59: 0 | AA59: 0 | AC59: 0.0020136938 | AD59: 169.81541 | AE59: 0.00017515705 | AK59: 0 | AL59: 0 | AM59: 0 | AW59: 0.00088942859 | AX59: 16.401242 | AY59: 0.00062260002 | AZ59: 0.00128041 | BA59: 24.581102 | BB59: 0.00090303556 | BC59: 0.0015843066 | BD59: 31.55682 | BE59: 0.0011361856 | BF59: 0.00082502237 | BG59: 30.311156 | BH59: 0.00057751566 | BI59: 0.0010695067 | BJ59: 40.276468 | BK59: 0.00074963343 | BL59: 0.0012930662 | BM59: 49.826559 | BN59: 0.00091432464 | BO59: 0.0012959742 | BP59: 53.978772 | BQ59: 0.0016308273 | BR59: 0.0017226685 | BS59: 69.13435 | BT59: 0.0020810605 | BU59: 0.0021397162 | BV59: 83.667096 | BW59: 0.0024836978 | BX59: 0.001250048 | BY59: 77.853998 | BZ59: 0.0015839685 | CA59: 0.0016028878 | CB59: 96.331347 | CC59: 0.0019671434 | CD59: 0.0020513686 | CE59: 120.41418 | CF59: 0.0024058645
E60: 0.19887274 | F60: 70.968772 | G60: -0.031012035 | Q60: 0 | R60: 0 | S60: 0 | Y60: 0.0010068649 | Z60: 51.846519 | AA60: 0.00064679167 | AC60: 0.0030205407 | AD60: 216.12388 | AE60: 0.00069389139 | AK60: 0.0020183562 | AL60: 24.16069 | AM60: -0.0003952866 | AW60: 0.00090463705 | AX60: 16.696753 | AY60: 0.00063324594 | AZ60: 0.0013012403 | BA60: 25.023995 | BB60: 0.00091811252 | BC60: 0.0016088729 | BD60: 32.125399 | BE60: 0.0011547921 | BF60: 0.00083918262 | BG60: 30.857291 | BH60: 0.00058742783 | BI60: 0.0010873277 | BJ60: 41.002154 | BK60: 0.00076231036 | BL60: 0.0013139775 | BM60: 50.724314 | BN60: 0.00092957572 | BO60: 0.0013233775 | BP60: 54.95134 | BQ60: 0.0016615545 | BR60: 0.0017599033 | BS60: 70.379986 | BT60: 0.002119232 | BU60: 0.0021862962 | BV60: 85.174578 | BW60: 0.0025272501 | BX60: 0.0012765692 | BY60: 79.256741 | BZ60: 0.0016141757 | CA60: 0.0016376847 | CB60: 98.067007 | CC60: 0.0020041373 | CD60: 0.0020961323 | CE60: 122.58376 | CF60: 0.0024487502
Q61: 0.0015093176 | R61: 49.334459 | S61: -5.3724635e-05 | AK61: 0.0050458905 | AL61: 145.91769 | AM61: 0.00065426748 | AW61: 0.00091981857 | AX61: 16.992265 | AY61: 0.000643873 | AZ61: 0.0013219945 | BA61: 25.466888 | BB61: 0.00093315138 | BC61: 0.0016333101 | BD61: 32.693978 | BE61: 0.0011733405 | BF61: 0.00085331951 | BG61: 31.403426 | BH61: 0.00059732366 | BI61: 0.0011050987 | BJ61: 41.72784 | BK61: 0.00077496033 | BL61: 0.0013348071 | BM61: 51.62207 | BN61: 0.00094478781 | BO61: 0.0013509256 | BP61: 55.923909 | BQ61: 0.0016922792 | BR61: 0.0017973452 | BS61: 71.625622 | BT61: 0.0021573302 | BU61: 0.0022331233 | BV61: 86.682059 | BW61: 0.0025706123 | BX61: 0.0013032343 | BY61: 80.659484 | BZ61: 0.0016443963 | CA61: 0.001672684 | CB61: 99.802668 | CC61: 0.002041103 | CD61: 0.0021411417 | CE61: 124.75334 | CF61: 0.0024914823
E62: 0 | F62: 0 | G62: 0 | Q62: 0.0025155294 | R62: 118.74339 | S62: 0.0016117391 | Y62: 0.0040274597 | Z62: 227.50631 | AA62: 0.0016910907 | AC62: 0.0060410814 | AD62: 331.26922 | AE62: 0.001273257 | AK62: 0.0070642467 | AL62: 354.66207 | AM62: 0.00092006364 | AW62: 0.00093497325 | AX62: 17.287776 | AY62: 0.00065448128 | AZ62: 0.001342673 | BA62: 25.909781 | BB62: 0.00094815232 | BC62: 0.0016576191 | BD62: 33.262556 | BE62: 0.0011918314 | BF62: 0.00086743313 | BG62: 31.94956 | BH62: 0.00060720319 | BI62: 0.0011228198 | BJ62: 42.453526 | BK62: 0.00078758347 | BL62: 0.0013555556 | BM62: 52.519825 | BN62: 0.00095996112 | BO62: 0.0013786184 | BP62: 56.896478 | BQ62: 0.001722999 | BR62: 0.0018349931 | BS62: 72.871258 | BT62: 0.002195351 | BU62: 0.0022801953 | BV62: 88.18954 | BW62: 0.0026137791 | BX62: 0.0013300435 | BY62: 82.062227 | BZ62: 0.0016746281 | CA62: 0.001707885 | CB62: 101.53833 | CC62: 0.0020780369 | CD62: 0.0021863947 | CE62: 126.92291 | CF62: 0.0025340558
E63: 0 | F63: 19.462779 | G63: 0.00057033286 | Q63: 0.0045279529 | R63: 162.86326 | S63: 0.0017259039 | AW63: 0.00095010118 | AX63: 17.583287 | AY63: 0.00066507083 | AZ63: 0.0013632759 | BA63: 26.352673 | BB63: 0.00096311554 | BC63: 0.001681801 | BD63: 33.831135 | BE63: 0.0012102649 | BF63: 0.00088152354 | BG63: 32.495695 | BH63: 0.00061706648 | BI63: 0.0011404911 | BJ63: 43.179211 | BK63: 0.00080017989 | BL63: 0.0013762231 | BM63: 53.417581 | BN63: 0.00097509583 | BO63: 0.001406456 | BP63: 57.869046 | BQ63: 0.0017537119 | BR63: 0.001872846 | BS63: 74.116894 | BT63: 0.0022332908 | BU63: 0.0023275098 | BV63: 89.697022 | BW63: 0.0026567454 | BX63: 0.0013569966 | BY63: 83.46497 | BZ63: 0.0017048691 | CA63: 0.0017432871 | CB63: 103.27399 | CC63: 0.0021149356 | CD63: 0.0022318893 | CE63: 129.09249 | CF63: 0.0025764656
E64: 0.0020120769 | F64: 54.306587 | G64: 0.00078504641 | Q64: 0.008049694 | R64: 215.20845 | S64: 0.0015512988 | Y64: 0.0095652168 | Z64: 381.07889 | AA64: 0.00078153994 | AC64: 0.0090616221 | AD64: 405.15375 | AE64: 0.0013271515 | AK64: 0.009587192 | AL64: 506.0285 | AM64: 0.0018401273 | AW64: 0.00096520246 | AX64: 17.878798 | AY64: 0.00067564172 | AZ64: 0.0013838037 | BA64: 26.795566 | BB64: 0.00097804123 | BC64: 0.0017058569 | BD64: 34.399713 | BE64: 0.0012286416 | BF64: 0.00089559083 | BG64: 33.04183 | BH64: 0.00062691358 | BI64: 0.0011581128 | BJ64: 43.904897 | BK64: 0.0008127497 | BL64: 0.0013968102 | BM64: 54.315337 | BN64: 0.00099019214 | BO64: 0.0014344381 | BP64: 58.841615 | BQ64: 0.0017844155 | BR64: 0.0019109029 | BS64: 75.36253 | BT64: 0.0022711455 | BU64: 0.0023750644 | BV64: 91.204503 | BW64: 0.0026995062 | BX64: 0.0013840935 | BY64: 84.867714 | BZ64: 0.0017351174 | CA64: 0.0017788894 | CB64: 105.00965 | CC64: 0.0021517956 | CD64: 0.0022776235 | CE64: 131.26206 | CF64: 0.002618707
E65: 0.0030181154 | F65: 65.256546 | G65: 0.00083872479 | Q65: 0.015596282 | R65: 239.83558 | S65: -0.00028876992 | AW65: 0.00098027718 | AX65: 18.17431 | AY65: 0.00068619403 | AZ65: 0.0014042567 | BA65: 27.238459 | BB65: 0.00099292957 | BC65: 0.0017297876 | BD65: 34.968292 | BE65: 0.0012469616 | BF65: 0.00090963507 | BG65: 33.587964 | BH65: 0.00063674455 | BI65: 0.0011756851 | BJ65: 44.630583 | BK65: 0.00082529301 | BL65: 0.001417317 | BM65: 55.213092 | BN65: 0.0010052502 | BO65: 0.0014625646 | BP65: 59.814183 | BQ65: 0.0018151077 | BR65: 0.0019491628 | BS65: 76.608166 | BT65: 0.0023089114 | BU65: 0.0024228569 | BV65: 92.711984 | BW65: 0.0027420566 | BX65: 0.0014113343 | BY65: 86.270457 | BZ65: 0.0017653709 | CA65: 0.0018146912 | CB65: 106.74531 | CC65: 0.0021886135 | CD65: 0.0023235951 | CE65: 133.43164 | CF65: 0.0026607752
E66: 0.012575481 | F66: 101.60556 | G66: -0.00091924237 | Q66: 0.022639764 | R66: 266.35634 | S66: -0.0025854981 | Y66: 0.015102974 | Z66: 430.40035 | AA66: -0.0010442991 | AC66: 0.011578739 | AD66: 438.28187 | AE66: 0.00051873434 | AK66: 0.011605548 | AL66: 596.4683 | AM66: 0.0014448407 | AW66: 0.00099532544 | AX66: 18.469821 | AY66: 0.00069672781 | AZ66: 0.0014246352 | BA66: 27.681352 | BB66: 0.0010077808 | BC66: 0.0017535944 | BD66: 35.53687 | BE66: 0.0012652254 | BF66: 0.00092365633 | BG66: 34.134099 | BH66: 0.00064655943 | BI66: 0.001193208 | BJ66: 45.356269 | BK66: 0.00083780993 | BL66: 0.001437744 | BM66: 56.110848 | BN66: 0.0010202703 | BO66: 0.0014908355 | BP66: 60.786752 | BQ66: 0.0018457864 | BR66: 0.0019876247 | BS66: 77.853801 | BT66: 0.0023465848 | BU66: 0.0024708849 | BV66: 94.219465 | BW66: 0.0027843919 | BX66: 0.0014387189 | BY66: 87.6732 | BZ66: 0.0017956275 | CA66: 0.0018506918 | CB66: 108.48097 | CC66: 0.0022253861 | CD66: 0.0023698022 | CE66: 135.60122 | CF66: 0.0027026655
Q67: 0.036223623 | R67: 292.91367 | S67: -0.0062320577 | AW67: 0.0010103473 | AX67: 18.765332 | AY67: 0.00070724312 | AZ67: 0.0014449396 | BA67: 28.124244 | BB67: 0.001022595 | BC67: 0.0017772782 | BD67: 36.105449 | BE67: 0.0012834334 | BF67: 0.0009376547 | BG67: 34.680234 | BH67: 0.00065635829 | BI67: 0.0012106816 | BJ67: 46.081954 | BK67: 0.00085030058 | BL67: 0.0014580916 | BM67: 57.008603 | BN67: 0.0010352526 | BO67: 0.0015192507 | BP67: 61.75932 | BQ67: 0.0018764495 | BR67: 0.0020262874 | BS67: 79.099437 | BT67: 0.0023841621 | BU67: 0.002519146 | BV67: 95.726947 | BW67: 0.0028265076 | BX67: 0.0014662471 | BY67: 89.075943 | BZ67: 0.0018258855 | CA67: 0.0018868903 | CB67: 110.21663 | CC67: 0.00226211 | CD67: 0.0024162427 | CE67: 137.77079 | CF67: 0.0027443735
E68: 0.00653925 | F68: 92.167788 | G68: 0.00086556399 | Q68: 0.042764 | R68: 277.58921 | S68: -0.0076691917 | Y68: 0.020640731 | Z68: 467.94196 | AA68: -0.0033889189 | AC68: 0.017116397 | AD68: 492.16365 | AE68: -0.00063326011 | AK68: 0.013623904 | AL68: 664.52056 | AM68: 0.00092006364 | AW68: 0.0010253429 | AX68: 19.060843 | AY68: 0.00071774004 | AZ68: 0.0014651701 | BA68: 28.567137 | BB68: 0.0010373724 | BC68: 0.0018008402 | BD68: 36.674027 | BE68: 0.0013015857 | BF68: 0.00095163024 | BG68: 35.226368 | BH68: 0.00066614117 | BI68: 0.0012281062 | BJ68: 46.80764 | BK68: 0.00086276506 | BL68: 0.00147836 | BM68: 57.906359 | BN68: 0.0010501973 | BO68: 0.0015478099 | BP68: 62.731889 | BQ68: 0.0019070948 | BR68: 0.00206515 | BS68: 80.345073 | BT68: 0.0024216398 | BU68: 0.002567638 | BV68: 97.234428 | BW68: 0.0028683992 | BX68: 0.001493919 | BY68: 90.478686 | BZ68: 0.0018561427 | CA68: 0.0019232861 | CB68: 111.95229 | CC68: 0.002298782 | CD68: 0.0024629145 | CE68: 139.94037 | CF68: 0.0027858949
Q69: 0.050813694 | R69: 271.39392 | S69: -0.0092272061 | AW69: 0.0010403123 | AX69: 19.356354 | AY69: 0.00072821863 | AZ69: 0.0014853271 | BA69: 29.01003 | BB69: 0.0010521132 | BC69: 0.0018242813 | BD69: 37.242606 | BE69: 0.0013196829 | BF69: 0.00096558304 | BG69: 35.772503 | BH69: 0.00067590813 | BI69: 0.0012454819 | BJ69: 47.533326 | BK69: 0.00087520349 | BL69: 0.0014985497 | BM69: 58.804115 | BN69: 0.0010651045 | BO69: 0.0015765131 | BP69: 63.704458 | BQ69: 0.0019377204 | BR69: 0.0021042114 | BS69: 81.590709 | BT69: 0.0024590143 | BU69: 0.0026163585 | BV69: 98.741909 | BW69: 0.0029100624 | BX69: 0.0015217344 | BY69: 91.881429 | BZ69: 0.0018863973 | CA69: 0.0019598782 | CB69: 113.68796 | CC69: 0.002335399 | CD69: 0.0025098157 | CE69: 142.10994 | CF69: 0.0028272253
E70: 0.010060385 | F70: 94.863967 | G70: -0.00010735677 | Q70: 0.064900658 | R70: 277.74777 | S70: -0.011638099 | Y70: 0.026178488 | Z70: 479.90616 | AA70: -0.0061243087 | AC70: 0.021647208 | AD70: 546.37008 | AE70: -0.0017313601 | AK70: 0.01614685 | AL70: 702.84418 | AM70: 0.00065426748 | AW70: 0.0010552556 | AX70: 19.651866 | AY70: 0.00073867895 | AZ70: 0.001505411 | BA70: 29.452923 | BB70: 0.0010668176 | BC70: 0.0018476027 | BD70: 37.811185 | BE70: 0.0013377252 | BF70: 0.00097951315 | BG70: 36.318638 | BH70: 0.00068565921 | BI70: 0.0012628087 | BJ70: 48.259012 | BK70: 0.00088761597 | BL70: 0.0015186611 | BM70: 59.70187 | BN70: 0.0010799744 | BO70: 0.0016053602 | BP70: 64.677026 | BQ70: 0.001968324 | BR70: 0.0021434706 | BS70: 82.836345 | BT70: 0.0024962822 | BU70: 0.0026653053 | BV70: 100.24939 | BW70: 0.0029514929 | BX70: 0.0015496933 | BY70: 93.284172 | BZ70: 0.0019166473 | CA70: 0.0019966659 | CB70: 115.42362 | CC70: 0.0023719578 | CD70: 0.0025569441 | CE70: 144.27952 | CF70: 0.0028683606
Q71: 0.077981411 | R71: 278.30639 | S71: -0.013887818 | AW71: 0.001070173 | AX71: 19.947377 | AY71: 0.00074912107 | AZ71: 0.0015254221 | BA71: 29.895815 | BB71: 0.0010814857 | BC71: 0.0018708054 | BD71: 38.379763 | BE71: 0.001355713 | BF71: 0.00099342067 | BG71: 36.864772 | BH71: 0.00069539447 | BI71: 0.0012800869 | BJ71: 48.984698 | BK71: 0.00090000262 | BL71: 0.0015386946 | BM71: 60.599626 | BN71: 0.0010948073 | BO71: 0.0016343509 | BP71: 65.649595 | BQ71: 0.0019989038 | BR71: 0.0021829264 | BS71: 84.081981 | BT71: 0.0025334401 | BU71: 0.002714476 | BV71: 101.75687 | BW71: 0.0029926867 | BX71: 0.0015777956 | BY71: 94.686916 | BZ71: 0.001946891 | CA71: 0.0020336485 | CB71: 117.15928 | CC71: 0.0024084553 | CD71: 0.0026042977 | CE71: 146.4491 | CF71: 0.0029092967
E72: 0.012575481 | F72: 101.60556 | G72: -0.00091924237 | Q72: 0.088546634 | R72: 296.44873 | S72: -0.015842052 | Y72: 0.031212813 | Z72: 484.61454 | AA72: -0.0085969393 | AC72: 0.018626668 | AD72: 516.16899 | AE72: -0.0010913632 | AK72: 0.018165206 | AL72: 724.39742 | AM72: -0.00026579616 | AW72: 0.0010850643 | AX72: 20.242888 | AY72: 0.00075954504 | AZ72: 0.0015453608 | BA72: 30.338708 | BB72: 0.0010961178 | BC72: 0.0018938905 | BD72: 38.948342 | BE72: 0.0013736465 | BF72: 0.0010073057 | BG72: 37.410907 | BH72: 0.00070511396 | BI72: 0.0012973166 | BJ72: 49.710383 | BK72: 0.00091236353 | BL72: 0.0015586505 | BM72: 61.497382 | BN72: 0.0011096033 | BO72: 0.0016634851 | BP72: 66.622163 | BQ72: 0.0020294576 | BR72: 0.0022225777 | BS72: 85.327617 | BT72: 0.0025704847 | BU72: 0.0027638684 | BV72: 103.26435 | BW72: 0.0030336399 | BX72: 0.0016060411 | BY72: 96.089659 | BZ72: 0.0019771263 | CA72: 0.0020708249 | CB72: 118.89494 | CC72: 0.0024448885 | CD72: 0.0026518745 | CE72: 148.61867 | CF72: 0.0029500298
Q73: 0.095590117 | R73: 263.92135 | S73: -0.017735845 | AW73: 0.0010999299 | AX73: 20.538399 | AY73: 0.00076995094 | AZ73: 0.0015652275 | BA73: 30.781601 | BB73: 0.0011107139 | BC73: 0.0019168591 | BD73: 39.51692 | BE73: 0.0013915262 | BF73: 0.0010211682 | BG73: 37.957042 | BH73: 0.00071481773 | BI73: 0.0013144979 | BJ73: 50.436069 | BK73: 0.00092469881 | BL73: 0.0015785293 | BM73: 62.395137 | BN73: 0.0011243626 | BO73: 0.0016927627 | BP73: 67.594732 | BQ73: 0.0020599835 | BR73: 0.0022624237 | BS73: 86.573253 | BT73: 0.0026074127 | BU73: 0.0028134802 | BV73: 104.77183 | BW73: 0.0030743487 | BX73: 0.0016344298 | BY73: 97.492402 | BZ73: 0.0020073514 | CA73: 0.0021081945 | CB73: 120.6306 | CC73: 0.0024812545 | CD73: 0.0026996725 | CE73: 150.78825 | CF73: 0.002990556
E74: 0.01961775 | F74: 112.47689 | G74: -0.0032676718 | Q74: 0.1026336 | R74: 289.18329 | S74: -0.018830485 | Y74: 0.036247137 | Z74: 487.72769 | AA74: -0.012248617 | AC74: 0.022654055 | AD74: 535.60243 | AE74: -0.0017313601 | AK74: 0.022706507 | AL74: 762.76795 | AM74: -0.0021127387 | AW74: 0.0011147697 | AX74: 20.833911 | AY74: 0.00078033882 | AZ74: 0.0015850225 | BA74: 31.224494 | BB74: 0.0011252744 | BC74: 0.0019397122 | BD74: 40.085499 | BE74: 0.0014093523 | BF74: 0.0010350083 | BG74: 38.503176 | BH74: 0.00072450583 | BI74: 0.001331631 | BJ74: 51.161755 | BK74: 0.00093700858 | BL74: 0.0015983313 | BM74: 63.292893 | BN74: 0.0011390854 | BO74: 0.0017221836 | BP74: 68.5673 | BQ74: 0.0020904795 | BR74: 0.002302463 | BS74: 87.818889 | BT74: 0.0026442211 | BU74: 0.0028633092 | BV74: 106.27932 | BW74: 0.0031148093 | BX74: 0.0016629615 | BY74: 98.895145 | BZ74: 0.0020375645 | CA74: 0.0021457565 | CB74: 122.36626 | CC74: 0.0025175502 | CD74: 0.0027476897 | CE74: 152.95782 | CF74: 0.0030308716
Q75: 0.11018019 | R75: 274.65397 | S75: -0.019636354 | AW75: 0.0011295839 | AX75: 21.129422 | AY75: 0.00079070875 | AZ75: 0.0016047461 | BA75: 31.667387 | BB75: 0.0011397993 | BC75: 0.001962451 | BD75: 40.654077 | BE75: 0.0014271252 | BF75: 0.0010488262 | BG75: 39.049311 | BH75: 0.00073417832 | BI75: 0.0013487161 | BJ75: 51.887441 | BK75: 0.00094929294 | BL75: 0.001618057 | BM75: 64.190648 | BN75: 0.0011537718 | BO75: 0.0017517474 | BP75: 69.539869 | BQ75: 0.0021209437 | BR75: 0.0023426947 | BS75: 89.064525 | BT75: 0.0026809065 | BU75: 0.0029133532 | BV75: 107.7868 | BW75: 0.0031550182 | BX75: 0.0016916362 | BY75: 100.29789 | BZ75: 0.0020677638 | CA75: 0.0021835099 | CB75: 124.10192 | CC75: 0.0025537728 | CD75: 0.0027959241 | CE75: 155.1274 | CF75: 0.003070973
E76: 0.029175116 | F76: 113.08652 | G76: -0.0064816652 | Q76: 0.11722367 | R76: 275.94825 | S76: -0.020730994 | Y76: 0.042791759 | Z76: 485.41046 | AA76: -0.014512388 | AC76: 0.019633514 | AD76: 515.25192 | AE76: -0.0010913632 | AK76: 0.02674322 | AL76: 778.77089 | AM76: -0.0035575794 | AW76: 0.0011443725 | AX76: 21.424933 | AY76: 0.00080106078 | AZ76: 0.0016243988 | BA76: 32.110279 | BB76: 0.0011542889 | BC76: 0.0019850766 | BD76: 41.222656 | BE76: 0.0014448451 | BF76: 0.0010626218 | BG76: 39.595446 | BH76: 0.00074383523 | BI76: 0.0013657533 | BJ76: 52.613127 | BK76: 0.00096155198 | BL76: 0.0016377068 | BM76: 65.088404 | BN76: 0.0011684221 | BO76: 0.0017814542 | BP76: 70.512438 | BQ76: 0.0021513741 | BR76: 0.0023831177 | BS76: 90.310161 | BT76: 0.0027174661 | BU76: 0.0029636098 | BV76: 109.29428 | BW76: 0.003194972 | BX76: 0.0017204537 | BY76: 101.70063 | BZ76: 0.0020979475 | CA76: 0.0022214539 | CB76: 125.83758 | CC76: 0.0025899194 | CD76: 0.0028443736 | CE76: 157.29698 | CF76: 0.0031108567
Q77: 0.12728579 | R77: 281.86107 | S77: -0.021818918 | AW77: 0.0011591357 | AX77: 21.720444 | AY77: 0.00081139499 | AZ77: 0.001643981 | BA77: 32.553172 | BB77: 0.0011687432 | BC77: 0.0020075899 | BD77: 41.791234 | BE77: 0.0014625124 | BF77: 0.0010763952 | BG77: 40.14158 | BH77: 0.00075347663 | BI77: 0.0013827427 | BJ77: 53.338812 | BK77: 0.00097378582 | BL77: 0.0016572811 | BM77: 65.98616 | BN77: 0.0011830364 | BO77: 0.0018113037 | BP77: 71.485006 | BQ77: 0.0021817688 | BR77: 0.0024237308 | BS77: 91.555796 | BT77: 0.0027538967 | BU77: 0.0030140771 | BV77: 110.80176 | BW77: 0.0032346672 | BX77: 0.0017494139 | BY77: 103.10337 | BZ77: 0.0021281137 | CA77: 0.0022595877 | CB77: 127.57324 | CC77: 0.0026259873 | CD77: 0.0028930363 | CE77: 159.46655 | CF77: 0.0031505193
E78: 0.036720404 | F78: 136.72131 | G78: -0.0085147341 | Q78: 0.13986343 | R78: 277.57574 | S78: -0.023430657 | Y78: 0.050846679 | Z78: 458.88841 | AA78: -0.016210216 | AC78: 0.02768829 | AD78: 572.5653 | AE78: -0.0032875631 | AK78: 0.03178911 | AL78: 774.99939 | AM78: -0.0060656047 | AW78: 0.0011738735 | AX78: 22.015955 | AY78: 0.00082171142 | AZ78: 0.0016634929 | BA78: 32.996065 | BB78: 0.0011831625 | BC78: 0.0020299922 | BD78: 42.359813 | BE78: 0.0014801274 | BF78: 0.0010901465 | BG78: 40.687715 | BH78: 0.00076310256 | BI78: 0.0013996846 | BJ78: 54.064498 | BK78: 0.00098599456 | BL78: 0.0016767802 | BM78: 66.883915 | BN78: 0.0011976148 | BO78: 0.0018412956 | BP78: 72.457575 | BQ78: 0.0022121259 | BR78: 0.0024645331 | BS78: 92.801432 | BT78: 0.0027901955 | BU78: 0.0030647527 | BV78: 112.30924 | BW78: 0.0032741007 | BX78: 0.0017785167 | BY78: 104.50612 | BZ78: 0.0021582608 | CA78: 0.0022979104 | CB78: 129.3089 | CC78: 0.0026619737 | CD78: 0.0029419103 | CE78: 161.63613 | CF78: 0.0031899575
Q79: 0.14841623 | R79: 253.13566 | S79: -0.024753626 | Y79: 0.053363841 | Z79: 465.35074 | AA79: -0.017382526 | AC79: 0.031715677 | AD79: 588.28058 | AE79: -0.005133449 | AK79: 0.034816645 | AL79: 770.11132 | AM79: -0.0077762416 | AW79: 0.0011885859 | AX79: 22.311467 | AY79: 0.00083201015 | AZ79: 0.0016829351 | BA79: 33.438958 | BB79: 0.001197547 | BC79: 0.0020522844 | BD79: 42.928392 | BE79: 0.0014976904 | BF79: 0.0011038758 | BG79: 41.23385 | BH79: 0.00077271308 | BI79: 0.001416579 | BJ79: 54.790184 | BK79: 0.0009981783 | BL79: 0.0016962048 | BM79: 67.781671 | BN79: 0.0012121577 | BO79: 0.00187143 | BP79: 73.430143 | BQ79: 0.0022424436 | BR79: 0.0025055234 | BS79: 94.047068 | BT79: 0.0028263595 | BU79: 0.0031156346 | BV79: 113.81672 | BW79: 0.0033132693 | BX79: 0.001807762 | BY79: 105.90886 | BZ79: 0.0021883869 | CA79: 0.0023364212 | CB79: 131.04456 | CC79: 0.0026978759 | CD79: 0.0029909935 | CE79: 163.8057 | CF79: 0.0032291681
E80: 0.042253616 | F80: 134.24913 | G80: -0.011514014 | Q80: 0.1630063 | R80: 242.91829 | S80: -0.026425805 | AW80: 0.0012032732 | AX80: 22.606978 | AY80: 0.00084229123 | AZ80: 0.0017023078 | BA80: 33.88185 | BB80: 0.0012118967 | BC80: 0.0020744677 | BD80: 43.49697 | BE80: 0.0015152018 | BF80: 0.0011175832 | BG80: 41.779984 | BH80: 0.00078230822 | BI80: 0.0014334262 | BJ80: 55.51587 | BK80: 0.0010103371 | BL80: 0.0017155551 | BM80: 68.679426 | BN80: 0.0012266651 | BO80: 0.0019017065 | BP80: 74.402712 | BQ80: 0.00227272 | BR80: 0.0025467006 | BS80: 95.292704 | BT80: 0.0028623859 | BU80: 0.0031667205 | BV80: 115.3242 | BW80: 0.0033521701 | BX80: 0.0018371495 | BY80: 107.3116 | BZ80: 0.0022184903 | CA80: 0.0023751192 | CB80: 132.78022 | CC80: 0.0027336913 | CD80: 0.0030402841 | CE80: 165.97528 | CF80: 0.0032681479
Q81: 0.17608706 | R81: 270.56547 | S81: -0.027345839 | Y81: 0.059405031 | Z81: 449.83311 | AA81: -0.018164066 | AC81: 0.039267029 | AD81: 614.45637 | AE81: -0.0094584808 | AK81: 0.041376302 | AL81: 782.73173 | AM81: -0.0092278975 | AW81: 0.0012179353 | AX81: 22.902489 | AY81: 0.00085255473 | AZ81: 0.0017216115 | BA81: 34.324743 | BB81: 0.001226212 | BC81: 0.0020965431 | BD81: 44.065549 | BE81: 0.0015326617 | BF81: 0.0011312686 | BG81: 42.326119 | BH81: 0.00079188804 | BI81: 0.0014502263 | BJ81: 56.241555 | BK81: 0.0010224712 | BL81: 0.0017348317 | BM81: 69.577182 | BN81: 0.0012411372 | BO81: 0.001932125 | BP81: 75.375281 | BQ81: 0.0023029532 | BR81: 0.0025880637 | BS81: 96.53834 | BT81: 0.0028982719 | BU81: 0.0032180085 | BV81: 116.83168 | BW81: 0.0033908 | BX81: 0.0018666792 | BY81: 108.71435 | BZ81: 0.0022485694 | CA81: 0.0024140036 | CB81: 134.51589 | CC81: 0.0027694171 | CD81: 0.0030897802 | CE81: 168.14486 | CF81: 0.003306894
E82: 0.049295885 | F82: 125.50141 | G82: -0.014432776 | Q82: 0.19319266 | R82: 256.85463 | S82: -0.029588843 | AW82: 0.0012325724 | AX82: 23.198 | AY82: 0.0008628007 | AZ82: 0.0017408465 | BA82: 34.767636 | BB82: 0.0012404929 | BC82: 0.0021185116 | BD82: 44.634127 | BE82: 0.0015500706 | BF82: 0.0011449323 | BG82: 42.872254 | BH82: 0.0008014526 | BI82: 0.0014669795 | BJ82: 56.967241 | BK82: 0.0010345806 | BL82: 0.0017540348 | BM82: 70.474938 | BN82: 0.0012555742 | BO82: 0.0019626853 | BP82: 76.347849 | BQ82: 0.0023331415 | BR82: 0.0026296116 | BS82: 97.783976 | BT82: 0.0029340149 | BU82: 0.0032694964 | BV82: 118.33917 | BW82: 0.0034291563 | BX82: 0.001896351 | BY82: 110.11709 | BZ82: 0.0022786223 | CA82: 0.0024530735 | CB82: 136.25155 | CC82: 0.0028050509 | CD82: 0.0031394798 | CE82: 170.31443 | CF82: 0.0033454035
Y83: 0.064942788 | Z83: 439.77365 | AA83: -0.019201628 | AC83: 0.050342345 | AD83: 607.00531 | AE83: -0.013156989 | AK83: 0.047431371 | AL83: 761.65593 | AM83: -0.012785477 | AW83: 0.0012471846 | AX83: 23.493512 | AY83: 0.0008730292 | AZ83: 0.0017600133 | BA83: 35.210529 | BB83: 0.0012547396 | BC83: 0.0021403745 | BD83: 45.202706 | BE83: 0.0015674287 | BF83: 0.0011585742 | BG83: 43.418388 | BH83: 0.00081100193 | BI83: 0.0014836859 | BJ83: 57.692927 | BK83: 0.0010466653 | BL83: 0.0017731651 | BM83: 71.372693 | BN83: 0.0012699763 | BO83: 0.0019933871 | BP83: 77.320418 | BQ83: 0.002363283 | BR83: 0.0026713432 | BS83: 99.029612 | BT83: 0.0029696121 | BU83: 0.0033211821 | BV83: 119.84665 | BW83: 0.0034672364 | BX83: 0.0019261646 | BY83: 111.51983 | BZ83: 0.0023086475 | CA83: 0.002492328 | CB83: 137.98721 | CC83: 0.0028405901 | CD83: 0.003189381 | CE83: 172.48401 | CF83: 0.0033836736
E84: 0.055332116 | F84: 129.54159 | G84: -0.017136825 | AW84: 0.0012617718 | AX84: 23.789023 | AY84: 0.00088324029 | AZ84: 0.0017791123 | BA84: 35.653421 | BB84: 0.0012689523 | BC84: 0.0021621326 | BD84: 45.771284 | BE84: 0.0015847363 | BF84: 0.0011721944 | BG84: 43.964523 | BH84: 0.00082053608 | BI84: 0.0015003458 | BJ84: 58.418613 | BK84: 0.0010587256 | BL84: 0.0017922229 | BM84: 72.270449 | BN84: 0.0012843435 | BO84: 0.0020242304 | BP84: 78.292986 | BQ84: 0.002393376 | BR84: 0.0027132574 | BS84: 100.27525 | BT84: 0.0030050609 | BU84: 0.0033730637 | BV84: 121.35413 | BW84: 0.0035050375 | BX84: 0.00195612 | BY84: 112.92258 | BZ84: 0.0023386432 | CA84: 0.0025317663 | CB84: 139.72287 | CC84: 0.0028760323 | CD84: 0.003239482 | CE84: 174.65358 | CF84: 0.0034217014
Y85: 0.070480545 | Z85: 427.64975 | AA85: -0.020373938 | AC85: 0.057893697 | AD85: 618.10151 | AE85: -0.015407084 | AK85: 0.053991029 | AL85: 729.33806 | AM85: -0.014496114 | AW85: 0.0012763343 | AX85: 24.084534 | AY85: 0.00089343404 | AZ85: 0.0017981438 | BA85: 36.096314 | BB85: 0.0012831311 | BC85: 0.0021837872 | BD85: 46.339863 | BE85: 0.0016019937 | BF85: 0.001185793 | BG85: 44.510658 | BH85: 0.00083005511 | BI85: 0.0015169592 | BJ85: 59.144299 | BK85: 0.0010707615 | BL85: 0.0018112087 | BM85: 73.168204 | BN85: 0.0012986762 | BO85: 0.0020552148 | BP85: 79.265555 | BQ85: 0.0024234187 | BR85: 0.0027553532 | BS85: 101.52088 | BT85: 0.0030403589 | BU85: 0.003425139 | BV85: 122.86161 | BW85: 0.0035425571 | BX85: 0.0019862169 | BY85: 114.32532 | BZ85: 0.0023686078 | CA85: 0.0025713875 | CB85: 141.45853 | CC85: 0.002911375 | CD85: 0.003289781 | CE85: 176.82316 | CF85: 0.0034594843
E86: 0.061871366 | F86: 129.7928 | G86: -0.019163184 | AW86: 0.0012908721 | AX86: 24.380045 | AY86: 0.0009036105 | AZ86: 0.0018171083 | BA86: 36.539207 | BB86: 0.0012972762 | BC86: 0.0022053391 | BD86: 46.908441 | BE86: 0.0016192012 | BF86: 0.0011993701 | BG86: 45.056792 | BH86: 0.00083955907 | BI86: 0.0015335264 | BJ86: 59.869984 | BK86: 0.001082773 | BL86: 0.0018301229 | BM86: 74.06596 | BN86: 0.0013129745 | BO86: 0.0020863403 | BP86: 80.238123 | BQ86: 0.0024534093 | BR86: 0.0027976295 | BS86: 102.76652 | BT86: 0.0030755034 | BU86: 0.0034774063 | BV86: 124.36909 | BW86: 0.003579793 | BX86: 0.0020164553 | BY86: 115.72806 | BZ86: 0.0023985396 | CA86: 0.0026111907 | CB86: 143.19419 | CC86: 0.0029466158 | CD86: 0.0033402761 | CE86: 178.99274 | CF86: 0.0034970199
Y87: 0.076521734 | Z87: 417.33843 | AA87: -0.021680996 | AC87: 0.064941625 | AD87: 592.74668 | AE87: -0.018175912 | AK87: 0.060550686 | AL87: 696.71394 | AM87: -0.01594777 | AW87: 0.0013053853 | AX87: 24.675556 | AY87: 0.00091376972 | AZ87: 0.0018360061 | BA87: 36.9821 | BB87: 0.0013113877 | BC87: 0.0022267895 | BD87: 47.47702 | BE87: 0.0016363591 | BF87: 0.0012129257 | BG87: 45.602927 | BH87: 0.00084904799 | BI87: 0.0015500476 | BJ87: 60.59567 | BK87: 0.0010947604 | BL87: 0.0018489659 | BM87: 74.963716 | BN87: 0.0013272384 | BO87: 0.0021176066 | BP87: 81.210692 | BQ87: 0.0024833463 | BR87: 0.0028400853 | BS87: 104.01216 | BT87: 0.0031104921 | BU87: 0.0035298634 | BV87: 125.87657 | BW87: 0.0036167427 | BX87: 0.0020468349 | BY87: 117.13081 | BZ87: 0.0024284371 | CA87: 0.0026511752 | CB87: 144.92985 | CC87: 0.0029817523 | CD87: 0.0033909655 | CE87: 181.16231 | CF87: 0.0035343055
E88: 0.067404577 | F88: 133.98118 | G88: -0.021323739 | AW88: 0.001319874 | AX88: 24.971068 | AY88: 0.00092391177 | AZ88: 0.0018548376 | BA88: 37.424993 | BB88: 0.0013254659 | BC88: 0.0022481395 | BD88: 48.045599 | BE88: 0.0016534676 | BF88: 0.0012264599 | BG88: 46.149062 | BH88: 0.00085852193 | BI88: 0.0015665228 | BJ88: 61.321356 | BK88: 0.0011067237 | BL88: 0.0018677383 | BM88: 75.861471 | BN88: 0.0013414682 | BO88: 0.0021490134 | BP88: 82.183261 | BQ88: 0.0025132277 | BR88: 0.0028827194 | BS88: 105.25779 | BT88: 0.0031453225 | BU88: 0.0035825085 | BV88: 127.38405 | BW88: 0.003653404 | BX88: 0.0020773557 | BY88: 118.53355 | BZ88: 0.0024582987 | CA88: 0.0026913399 | CB88: 146.66551 | CC88: 0.0030167823 | CD88: 0.0034418475 | CE88: 183.33189 | CF88: 0.0035713389
Y89: 0.082059492 | Z89: 416.82875 | AA89: -0.021546248 | AC89: 0.0729964 | AD89: 593.92482 | AE89: -0.019853378 | AK89: 0.067110344 | AL89: 650.0999 | AM89: -0.016343056 | AW89: 0.0013343382 | AX89: 25.266579 | AY89: 0.00093403671 | AZ89: 0.0018736033 | BA89: 37.867885 | BB89: 0.0013395108 | BC89: 0.0022693899 | BD89: 48.614177 | BE89: 0.0016705271 | BF89: 0.0012399728 | BG89: 46.695196 | BH89: 0.00086798093 | BI89: 0.0015829524 | BJ89: 62.047042 | BK89: 0.001118663 | BL89: 0.0018864405 | BM89: 76.759227 | BN89: 0.0013556641 | BO89: 0.0021805607 | BP89: 83.155829 | BQ89: 0.0025430521 | BR89: 0.0029255309 | BS89: 106.50343 | BT89: 0.0031799923 | BU89: 0.0036353396 | BV89: 128.89154 | BW89: 0.0036897748 | BX89: 0.0021080174 | BY89: 119.93629 | BZ89: 0.0024881226 | CA89: 0.0027316842 | CB89: 148.40117 | CC89: 0.0030517034 | CD89: 0.0034929202 | CE89: 185.50147 | CF89: 0.0036081177
E90: 0.073943827 | F90: 114.42195 | G90: -0.023464165 | AW90: 0.001348778 | AX90: 25.56209 | AY90: 0.00094414459 | AZ90: 0.0018923036 | BA90: 38.310778 | BB90: 0.0013535227 | BC90: 0.0022905419 | BD90: 49.182756 | BE90: 0.0016875379 | BF90: 0.0012534643 | BG90: 47.241331 | BH90: 0.00087742504 | BI90: 0.0015993364 | BJ90: 62.772728 | BK90: 0.0011305783 | BL90: 0.0019050728 | BM90: 77.656983 | BN90: 0.0013698262 | BO90: 0.0022122481 | BP90: 84.128398 | BQ90: 0.0025728176 | BR90: 0.0029685187 | BS90: 107.74906 | BT90: 0.0032144992 | BU90: 0.0036883549 | BV90: 130.39902 | BW90: 0.003725853 | BX90: 0.0021388199 | BY90: 121.33904 | BZ90: 0.0025179075 | CA90: 0.002772207 | CB90: 150.13683 | CC90: 0.0030865135 | CD90: 0.003544182 | CE90: 187.67104 | CF90: 0.0036446397
Y91: 0.087597249 | Z91: 404.06972 | AA91: -0.022199777 | AC91: 0.080547752 | AD91: 572.11374 | AE91: -0.022507681 | AK91: 0.074174591 | AL91: 617.12894 | AM91: -0.016472547 | AW91: 0.0013631935 | AX91: 25.857601 | AY91: 0.00095423548 | AZ91: 0.0019109388 | BA91: 38.753671 | BB91: 0.0013675016 | BC91: 0.0023115965 | BD91: 49.751334 | BE91: 0.0017045001 | BF91: 0.0012669347 | BG91: 47.787466 | BH91: 0.00088685432 | BI91: 0.0016156751 | BJ91: 63.498413 | BK91: 0.0011424699 | BL91: 0.0019236359 | BM91: 78.554738 | BN91: 0.0013839547 | BO91: 0.0022440755 | BP91: 85.100966 | BQ91: 0.0026025227 | BR91: 0.0030116817 | BS91: 108.9947 | BT91: 0.003248841 | BU91: 0.0037415526 | BV91: 131.9065 | BW91: 0.0037616366 | BX91: 0.002169763 | BY91: 122.74178 | BZ91: 0.0025476517 | CA91: 0.0028129076 | CB91: 151.87249 | CC91: 0.0031212104 | CD91: 0.003595631 | CE91: 189.84062 | CF91: 0.0036809027
E92: 0.080483077 | F92: 106.89211 | G92: -0.025134905 | AW92: 0.0013775849 | AX92: 26.153113 | AY92: 0.00096430942 | AZ92: 0.0019295094 | BA92: 39.196564 | BB92: 0.0013814478 | BC92: 0.0023325547 | BD92: 50.319913 | BE92: 0.0017214141 | BF92: 0.001280384 | BG92: 48.3336 | BH92: 0.00089626879 | BI92: 0.0016319687 | BJ92: 64.224099 | BK92: 0.0011543377 | BL92: 0.00194213 | BM92: 79.452494 | BN92: 0.0013980497 | BO92: 0.0022760427 | BP92: 86.073535 | BQ92: 0.0026321657 | BR92: 0.003055019 | BS92: 110.24034 | BT92: 0.0032830155 | BU92: 0.0037949309 | BV92: 133.41398 | BW92: 0.0037971238 | BX92: 0.0022008466 | BY92: 124.14452 | BZ92: 0.0025773537 | CA92: 0.0028537852 | CB92: 153.60815 | CC92: 0.0031557918 | CD92: 0.0036472657 | CE92: 192.01019 | CF92: 0.0037169047
Y93: 0.093135006 | Z93: 403.5004 | AA93: -0.022853306 | AC93: 0.088099103 | AD93: 562.98059 | AE93: -0.025040721 | AK93: 0.080734248 | AL93: 621.61469 | AM93: -0.016472547 | AW93: 0.0013919521 | AX93: 26.448624 | AY93: 0.00097436647 | AZ93: 0.0019480158 | BA93: 39.639456 | BB93: 0.0013953614 | BC93: 0.0023534175 | BD93: 50.888491 | BE93: 0.0017382802 | BF93: 0.0012938122 | BG93: 48.879735 | BH93: 0.00090566852 | BI93: 0.0016482172 | BJ93: 64.949785 | BK93: 0.0011661819 | BL93: 0.0019605558 | BM93: 80.350249 | BN93: 0.0014121114 | BO93: 0.0023081495 | BP93: 87.046103 | BQ93: 0.002661745 | BR93: 0.0030985295 | BS93: 111.48597 | BT93: 0.0033170205 | BU93: 0.0038484879 | BV93: 134.92146 | BW93: 0.0038323128 | BX93: 0.0022320705 | BY93: 125.54726 | BZ93: 0.0026070119 | CA93: 0.0028948387 | CB93: 155.34382 | CC93: 0.0031902557 | CD93: 0.0036990844 | CE93: 194.17977 | CF93: 0.0037526436
E94: 0.093058558 | F94: 110.54994 | G94: -0.026322539 | AW94: 0.0014062953 | AX94: 26.744135 | AY94: 0.0009844067 | AZ94: 0.0019664583 | BA94: 40.082349 | BB94: 0.0014092425 | BC94: 0.0023741858 | BD94: 51.45707 | BE94: 0.0017550986 | BF94: 0.0013072194 | BG94: 49.42587 | BH94: 0.00091505355 | BI94: 0.001664421 | BJ94: 65.675471 | BK94: 0.0011780026 | BL94: 0.0019789136 | BM94: 81.248005 | BN94: 0.00142614 | BO94: 0.0023403955 | BP94: 88.018672 | BQ94: 0.002691259 | BR94: 0.0031422123 | BS94: 112.73161 | BT94: 0.0033508539 | BU94: 0.0039022219 | BV94: 136.42894 | BW94: 0.0038672018 | BX94: 0.0022634345 | BY94: 126.95001 | BZ94: 0.0026366249 | CA94: 0.0029360675 | CB94: 157.07948 | CC94: 0.0032246001 | CD94: 0.0037510853 | CE94: 196.34935 | CF94: 0.0037881175
Y95: 0.099176195 | Z95: 401.76226 | AA95: -0.022853306 | AC95: 0.095650455 | AD95: 534.3696 | AE95: -0.029082807 | AK95: 0.087293906 | AL95: 628.123 | AM95: -0.016343056 | AW95: 0.0014206145 | AX95: 27.039646 | AY95: 0.00099443015 | AZ95: 0.0019848374 | BA95: 40.525242 | BB95: 0.0014230913 | BC95: 0.0023948607 | BD95: 52.025648 | BE95: 0.0017718696 | BF95: 0.0013206056 | BG95: 49.972004 | BH95: 0.00092442392 | BI95: 0.0016805801 | BJ95: 66.401156 | BK95: 0.0011897999 | BL95: 0.0019972039 | BM95: 82.145761 | BN95: 0.0014401355 | BO95: 0.0023727808 | BP95: 88.991241 | BQ95: 0.0027207062 | BR95: 0.0031860662 | BS95: 113.97724 | BT95: 0.0033845137 | BU95: 0.0039561311 | BV95: 137.93642 | BW95: 0.0039017892 | BX95: 0.0022949385 | BY95: 128.35275 | BZ95: 0.0026661912 | CA95: 0.0029774707 | CB95: 158.81514 | CC95: 0.0032588228 | CD95: 0.003803267 | CE95: 198.51892 | CF95: 0.0038233246
E96: 0.095070635 | F96: 111.71685 | G96: -0.027382687 | AW96: 0.0014349098 | AX96: 27.335157 | AY96: 0.0010044369 | AZ96: 0.0020031536 | BA96: 40.968135 | BB96: 0.0014369079 | BC96: 0.0024154431 | BD96: 52.594227 | BE96: 0.0017885935 | BF96: 0.001333971 | BG96: 50.518139 | BH96: 0.00093377967 | BI96: 0.0016966948 | BJ96: 67.126842 | BK96: 0.0012015738 | BL96: 0.0020154271 | BM96: 83.043516 | BN96: 0.0014540982 | BO96: 0.0024053049 | BP96: 89.963809 | BQ96: 0.0027500849 | BR96: 0.0032300904 | BS96: 115.22288 | BT96: 0.0034179979 | BU96: 0.004010214 | BV96: 139.4439 | BW96: 0.0039360733 | BX96: 0.0023265823 | BY96: 129.75549 | BZ96: 0.0026957092 | CA96: 0.0030190474 | CB96: 160.5508 | CC96: 0.0032929219 | CD96: 0.0038556277 | CE96: 200.6885 | CF96: 0.0038582631
Y97: 0.10622425 | Z97: 392.32764 | AA97: -0.024025616 | AC97: 0.10773262 | AD97: 534.98108 | AE97: -0.030127013 | AK97: 0.093853564 | AL97: 635.08598 | AM97: -0.016867833 | AW97: 0.0014491814 | AX97: 27.630669 | AY97: 0.001014427 | AZ97: 0.0020214071 | BA97: 41.411027 | BB97: 0.0014506926 | BC97: 0.002435934 | BD97: 53.162805 | BE97: 0.0018052705 | BF97: 0.0013473155 | BG97: 51.064274 | BH97: 0.00094312087 | BI97: 0.0017127653 | BJ97: 67.852528 | BK97: 0.0012133244 | BL97: 0.0020335838 | BM97: 83.941272 | BN97: 0.0014680283 | BO97: 0.0024379678 | BP97: 90.936378 | BQ97: 0.0027793936 | BR97: 0.0032742838 | BS97: 116.46851 | BT97: 0.0034513045 | BU97: 0.0040644689 | BV97: 140.95139 | BW97: 0.0039700528 | BX97: 0.0023583656 | BY97: 131.15824 | BZ97: 0.0027251775 | CA97: 0.0030607968 | CB97: 162.28646 | CC97: 0.0033268955 | CD97: 0.003908166 | CE97: 202.85807 | CF97: 0.0038929313
E98: 0.10563404 | F98: 105.17213 | G98: -0.028134184 | AW98: 0.0014634292 | AX98: 27.92618 | AY98: 0.0010244004 | AZ98: 0.0020395985 | BA98: 41.85392 | BB98: 0.0014644454 | BC98: 0.0024563344 | BD98: 53.731384 | BE98: 0.0018219009 | BF98: 0.0013606393 | BG98: 51.610408 | BH98: 0.00095244754 | BI98: 0.0017287917 | BJ98: 68.578214 | BK98: 0.0012250519 | BL98: 0.0020516743 | BM98: 84.839027 | BN98: 0.0014819257 | BO98: 0.0024707691 | BP98: 91.908946 | BQ98: 0.0028086308 | BR98: 0.0033186454 | BS98: 117.71415 | BT98: 0.0034844315 | BU98: 0.004118894 | BV98: 142.45887 | BW98: 0.0040037262 | BX98: 0.0023902884 | BY98: 132.56098 | BZ98: 0.0027545947 | CA98: 0.0031027181 | CB98: 164.02212 | CC98: 0.0033607415 | CD98: 0.0039608802 | CE98: 205.02765 | CF98: 0.0039273275
Y99: 0.11377574 | Z99: 404.16073 | AA99: -0.024281637 | AC99: 0.11578739 | AD99: 533.42784 | AE99: -0.031508059 | AK99: 0.10293617 | AL99: 637.55465 | AM99: -0.016867833 | AW99: 0.0014776533 | AX99: 28.221691 | AY99: 0.0010343573 | AZ99: 0.002057728 | BA99: 42.296813 | BB99: 0.0014781664 | BC99: 0.0024766451 | BD99: 54.299963 | BE99: 0.0018384849 | BF99: 0.0013739425 | BG99: 52.156543 | BH99: 0.00096175973 | BI99: 0.0017447743 | BJ99: 69.3039 | BK99: 0.0012367563 | BL99: 0.0020696991 | BM99: 85.736783 | BN99: 0.0014957908 | BO99: 0.0025037088 | BP99: 92.881515 | BQ99: 0.002837795 | BR99: 0.0033631743 | BS99: 118.95979 | BT99: 0.0035173772 | BU99: 0.0041734878 | BV99: 143.96635 | BW99: 0.0040370921 | BX99: 0.0024223505 | BY99: 133.96372 | BZ99: 0.0027839593 | CA99: 0.0031448105 | CB99: 165.75778 | CC99: 0.0033944582 | CD99: 0.0040137689 | CE99: 207.19723 | CF99: 0.0039614501
E100: 0.11217329 | F100: 99.489267 | G100: -0.028919231 | AW100: 0.0014918539 | AX100: 28.517202 | AY100: 0.0010442978 | AZ100: 0.0020757962 | BA100: 42.739706 | BB100: 0.0014918559 | BC100: 0.0024968672 | BD100: 54.868541 | BE100: 0.0018550228 | BF100: 0.001387225 | BG100: 52.702678 | BH100: 0.0009710575 | BI100: 0.0017607132 | BJ100: 70.029585 | BK100: 0.0012484378 | BL100: 0.0020876588 | BM100: 86.634539 | BN100: 0.0015096237 | BO100: 0.0025367865 | BP100: 93.854084 | BQ100: 0.0028668846 | BR100: 0.0034078696 | BS100: 120.20542 | BT100: 0.0035501397 | BU100: 0.0042282488 | BV100: 145.47383 | BW100: 0.0040701492 | BX100: 0.0024545517 | BY100: 135.36647 | BZ100: 0.0028132699 | CA100: 0.0031870731 | CB100: 167.49344 | CC100: 0.0034280437 | CD100: 0.0040668305 | CE100: 209.3668 | CF100: 0.0039952976
...

Sheet Sheet8
A1: 0 | B1: =6*SIN(A!B$5*PI()/180)/(3-SIN(A!B$5*PI()/180))*A1 -> 0 | C1: =-6*SIN(A!B$5*PI()/180)/(3+SIN(A!B$5*PI()/180))*A1 -> 0 | D1: =6*SIN(A!B$5*PI()/180)/(3-SIN(A!B$5*PI()/180))*(A1^A!$K$51*(A!$B$6-A1))^(1/(1+A!$K$51))*(A!$K$51^(1/(1+A!$K$51))) -> 0 | E1: =-6*SIN(A!B$5*PI()/180)/(3+SIN(A!B$5*PI()/180))*(A1^A!$K$52*(A!$B$6-A1))^(1/(1+A!$K$52))*(A!$K$52^(1/(1+A!$K$52))) -> 0 | F1: =A!Y58*100 -> 0 | G1: =A!B58 -> 0 | I1: =A!Y58*100 -> 0 | J1: =A!V58*100 -> 0
A2: =A1+A!$B$6/100 -> 2 | B2: =6*SIN(A!B$5*PI()/180)/(3-SIN(A!B$5*PI()/180))*A2 -> 2.7651933 | C2: =-6*SIN(A!B$5*PI()/180)/(3+SIN(A!B$5*PI()/180))*A2 -> -1.8928458 | D2: =6*SIN(A!B$5*PI()/180)/(3-SIN(A!B$5*PI()/180))*(A2^A!$K$51*(A!$B$6-A2))^(1/(1+A!$K$51))*(A!$K$51^(1/(1+A!$K$51))) -> 27.513326 | E2: =-6*SIN(A!B$5*PI()/180)/(3+SIN(A!B$5*PI()/180))*(A2^A!$K$52*(A!$B$6-A2))^(1/(1+A!$K$52))*(A!$K$52^(1/(1+A!$K$52))) -> -18.833578 | F2: =A!Y59*100 -> 75.686139 | G2: =A!B59 -> 0.75 | I2: =A!Y59*100 -> 75.686139 | J2: =A!V59*100 -> 0.0008209155
A3: =A2+A!$B$6/100 -> 4 | B3: =6*SIN(A!B$5*PI()/180)/(3-SIN(A!B$5*PI()/180))*A3 -> 5.5303865 | C3: =-6*SIN(A!B$5*PI()/180)/(3+SIN(A!B$5*PI()/180))*A3 -> -3.7856917 | D3: =6*SIN(A!B$5*PI()/180)/(3-SIN(A!B$5*PI()/180))*(A3^A!$K$51*(A!$B$6-A3))^(1/(1+A!$K$51))*(A!$K$51^(1/(1+A!$K$51))) -> 38.712706 | E3: =-6*SIN(A!B$5*PI()/180)/(3+SIN(A!B$5*PI()/180))*(A3^A!$K$52*(A!$B$6-A3))^(1/(1+A!$K$52))*(A!$K$52^(1/(1+A!$K$52))) -> -26.499842 | F3: =A!Y60*100 -> 226.68029 | G3: =A!B60 -> 2.2462594 | I3: =A!Y60*100 -> 226.68029 | J3: =A!V60*100 -> 0.0024865968
A4: =A3+A!$B$6/100 -> 6 | B4: =6*SIN(A!B$5*PI()/180)/(3-SIN(A!B$5*PI()/180))*A4 -> 8.2955798 | C4: =-6*SIN(A!B$5*PI()/180)/(3+SIN(A!B$5*PI()/180))*A4 -> -5.6785375 | D4: =6*SIN(A!B$5*PI()/180)/(3-SIN(A!B$5*PI()/180))*(A4^A!$K$51*(A!$B$6-A4))^(1/(1+A!$K$51))*(A!$K$51^(1/(1+A!$K$51))) -> 47.170664 | E4: =-6*SIN(A!B$5*PI()/180)/(3+SIN(A!B$5*PI()/180))*(A4^A!$K$52*(A!$B$6-A4))^(1/(1+A!$K$52))*(A!$K$52^(1/(1+A!$K$52))) -> -32.289531 | F4: =A!Y61*100 -> 377.6692 | G4: =A!B61 -> 3.7425187 | I4: =A!Y61*100 -> 377.6692 | J4: =A!V61*100 -> 0.0041697535
A5: =A4+A!$B$6/100 -> 8 | B5: =6*SIN(A!B$5*PI()/180)/(3-SIN(A!B$5*PI()/180))*A5 -> 11.060773 | C5: =-6*SIN(A!B$5*PI()/180)/(3+SIN(A!B$5*PI()/180))*A5 -> -7.5713834 | D5: =6*SIN(A!B$5*PI()/180)/(3-SIN(A!B$5*PI()/180))*(A5^A!$K$51*(A!$B$6-A5))^(1/(1+A!$K$51))*(A!$K$51^(1/(1+A!$K$51))) -> 54.1865 | E5: =-6*SIN(A!B$5*PI()/180)/(3+SIN(A!B$5*PI()/180))*(A5^A!$K$52*(A!$B$6-A5))^(1/(1+A!$K$52))*(A!$K$52^(1/(1+A!$K$52))) -> -37.092052 | F5: =A!Y62*100 -> 528.64767 | G5: =A!B62 -> 5.2387781 | I5: =A!Y62*100 -> 528.64767 | J5: =A!V62*100 -> 0.0058710687
A6: =A5+A!$B$6/100 -> 10 | B6: =6*SIN(A!B$5*PI()/180)/(3-SIN(A!B$5*PI()/180))*A6 -> 13.825966 | C6: =-6*SIN(A!B$5*PI()/180)/(3+SIN(A!B$5*PI()/180))*A6 -> -9.4642292 | D6: =6*SIN(A!B$5*PI()/180)/(3-SIN(A!B$5*PI()/180))*(A6^A!$K$51*(A!$B$6-A6))^(1/(1+A!$K$51))*(A!$K$51^(1/(1+A!$K$51))) -> 60.26599 | E6: =-6*SIN(A!B$5*PI()/180)/(3+SIN(A!B$5*PI()/180))*(A6^A!$K$52*(A!$B$6-A6))^(1/(1+A!$K$52))*(A!$K$52^(1/(1+A!$K$52))) -> -41.253619 | F6: =A!Y63*100 -> 679.61058 | G6: =A!B63 -> 6.7350374 | I6: =A!Y63*100 -> 679.61058 | J6: =A!V63*100 -> 0.0075912036
A7: =A6+A!$B$6/100 -> 12 | B7: =6*SIN(A!B$5*PI()/180)/(3-SIN(A!B$5*PI()/180))*A7 -> 16.59116 | C7: =-6*SIN(A!B$5*PI()/180)/(3+SIN(A!B$5*PI()/180))*A7 -> -11.357075 | D7: =6*SIN(A!B$5*PI()/180)/(3-SIN(A!B$5*PI()/180))*(A7^A!$K$51*(A!$B$6-A7))^(1/(1+A!$K$51))*(A!$K$51^(1/(1+A!$K$51))) -> 65.669702 | E7: =-6*SIN(A!B$5*PI()/180)/(3+SIN(A!B$5*PI()/180))*(A7^A!$K$52*(A!$B$6-A7))^(1/(1+A!$K$52))*(A!$K$52^(1/(1+A!$K$52))) -> -44.952598 | F7: =A!Y64*100 -> 830.55291 | G7: =A!B64 -> 8.2312968 | I7: =A!Y64*100 -> 830.55291 | J7: =A!V64*100 -> 0.0093307977
A8: =A7+A!$B$6/100 -> 14 | B8: =6*SIN(A!B$5*PI()/180)/(3-SIN(A!B$5*PI()/180))*A8 -> 19.356353 | C8: =-6*SIN(A!B$5*PI()/180)/(3+SIN(A!B$5*PI()/180))*A8 -> -13.249921 | D8: =6*SIN(A!B$5*PI()/180)/(3-SIN(A!B$5*PI()/180))*(A8^A!$K$51*(A!$B$6-A8))^(1/(1+A!$K$51))*(A!$K$51^(1/(1+A!$K$51))) -> 70.553081 | E8: =-6*SIN(A!B$5*PI()/180)/(3+SIN(A!B$5*PI()/180))*(A8^A!$K$52*(A!$B$6-A8))^(1/(1+A!$K$52))*(A!$K$52^(1/(1+A!$K$52))) -> -48.295397 | F8: =A!Y65*100 -> 981.4697 | G8: =A!B65 -> 9.7275561 | I8: =A!Y65*100 -> 981.4697 | J8: =A!V65*100 -> 0.011090469
A9: =A8+A!$B$6/100 -> 16 | B9: =6*SIN(A!B$5*PI()/180)/(3-SIN(A!B$5*PI()/180))*A9 -> 22.121546 | C9: =-6*SIN(A!B$5*PI()/180)/(3+SIN(A!B$5*PI()/180))*A9 -> -15.142767 | D9: =6*SIN(A!B$5*PI()/180)/(3-SIN(A!B$5*PI()/180))*(A9^A!$K$51*(A!$B$6-A9))^(1/(1+A!$K$51))*(A!$K$51^(1/(1+A!$K$51))) -> 75.017813 | E9: =-6*SIN(A!B$5*PI()/180)/(3+SIN(A!B$5*PI()/180))*(A9^A!$K$52*(A!$B$6-A9))^(1/(1+A!$K$52))*(A!$K$52^(1/(1+A!$K$52))) -> -51.35162 | F9: =A!Y66*100 -> 1132.3561 | G9: =A!B66 -> 11.223815 | I9: =A!Y66*100 -> 1132.3561 | J9: =A!V66*100 -> 0.012870815
A10: =A9+A!$B$6/100 -> 18 | B10: =6*SIN(A!B$5*PI()/180)/(3-SIN(A!B$5*PI()/180))*A10 -> 24.886739 | C10: =-6*SIN(A!B$5*PI()/180)/(3+SIN(A!B$5*PI()/180))*A10 -> -17.035613 | D10: =6*SIN(A!B$5*PI()/180)/(3-SIN(A!B$5*PI()/180))*(A10^A!$K$51*(A!$B$6-A10))^(1/(1+A!$K$51))*(A!$K$51^(1/(1+A!$K$51))) -> 79.134788 | E10: =-6*SIN(A!B$5*PI()/180)/(3+SIN(A!B$5*PI()/180))*(A10^A!$K$52*(A!$B$6-A10))^(1/(1+A!$K$52))*(A!$K$52^(1/(1+A!$K$52))) -> -54.169795 | F10: =A!Y67*100 -> 1283.2073 | G10: =A!B67 -> 12.720075 | I10: =A!Y67*100 -> 1283.2073 | J10: =A!V67*100 -> 0.014672411
A11: =A10+A!$B$6/100 -> 20 | B11: =6*SIN(A!B$5*PI()/180)/(3-SIN(A!B$5*PI()/180))*A11 -> 27.651933 | C11: =-6*SIN(A!B$5*PI()/180)/(3+SIN(A!B$5*PI()/180))*A11 -> -18.928458 | D11: =6*SIN(A!B$5*PI()/180)/(3-SIN(A!B$5*PI()/180))*(A11^A!$K$51*(A!$B$6-A11))^(1/(1+A!$K$51))*(A!$K$51^(1/(1+A!$K$51))) -> 82.955798 | E11: =-6*SIN(A!B$5*PI()/180)/(3+SIN(A!B$5*PI()/180))*(A11^A!$K$52*(A!$B$6-A11))^(1/(1+A!$K$52))*(A!$K$52^(1/(1+A!$K$52))) -> -56.785375 | F11: =A!Y68*100 -> 1434.0187 | G11: =A!B68 -> 14.216334 | I11: =A!Y68*100 -> 1434.0187 | J11: =A!V68*100 -> 0.016495813
A12: =A11+A!$B$6/100 -> 22 | B12: =6*SIN(A!B$5*PI()/180)/(3-SIN(A!B$5*PI()/180))*A12 -> 30.417126 | C12: =-6*SIN(A!B$5*PI()/180)/(3+SIN(A!B$5*PI()/180))*A12 -> -20.821304 | D12: =6*SIN(A!B$5*PI()/180)/(3-SIN(A!B$5*PI()/180))*(A12^A!$K$51*(A!$B$6-A12))^(1/(1+A!$K$51))*(A!$K$51^(1/(1+A!$K$51))) -> 86.520065 | E12: =-6*SIN(A!B$5*PI()/180)/(3+SIN(A!B$5*PI()/180))*(A12^A!$K$52*(A!$B$6-A12))^(1/(1+A!$K$52))*(A!$K$52^(1/(1+A!$K$52))) -> -59.225207 | F12: =A!Y69*100 -> 1584.7856 | G12: =A!B69 -> 15.712594 | I12: =A!Y69*100 -> 1584.7856 | J12: =A!V69*100 -> 0.018341555
A13: =A12+A!$B$6/100 -> 24 | B13: =6*SIN(A!B$5*PI()/180)/(3-SIN(A!B$5*PI()/180))*A13 -> 33.182319 | C13: =-6*SIN(A!B$5*PI()/180)/(3+SIN(A!B$5*PI()/180))*A13 -> -22.71415 | D13: =6*SIN(A!B$5*PI()/180)/(3-SIN(A!B$5*PI()/180))*(A13^A!$K$51*(A!$B$6-A13))^(1/(1+A!$K$51))*(A!$K$51^(1/(1+A!$K$51))) -> 89.858145 | E13: =-6*SIN(A!B$5*PI()/180)/(3+SIN(A!B$5*PI()/180))*(A13^A!$K$52*(A!$B$6-A13))^(1/(1+A!$K$52))*(A!$K$52^(1/(1+A!$K$52))) -> -61.510209 | F13: =A!Y70*100 -> 1735.5035 | G13: =A!B70 -> 17.208853 | I13: =A!Y70*100 -> 1735.5035 | J13: =A!V70*100 -> 0.020210154
... A101: =A100+A!$B$6/100 -> 200 | B101: =6*SIN(A!B$5*PI()/180)/(3-SIN(A!B$5*PI()/180))*A101 -> 276.51933 | C101: =-6*SIN(A!B$5*PI()/180)/(3+SIN(A!B$5*PI()/180))*A101 -> -189.28458 | D101: =6*SIN(A!B$5*PI()/180)/(3-SIN(A!B$5*PI()/180))*(A101^A!$K$51*(A!$B$6-A101))^(1/(1+A!$K$51))*(A!$K$51^(1/(1+A!$K$51))) -> 0 | E101: =-6*SIN(A!B$5*PI()/180)/(3+SIN(A!B$5*PI()/180))*(A101^A!$K$52*(A!$B$6-A101))^(1/(1+A!$K$52))*(A!$K$52^(1/(1+A!$K$52))) -> 0 | F101: =A!Y158*100 -> 14469.764 | G101: =A!B158 -> 148.87968 | I101: =A!Y158*100 -> 14469.764 | J101: =A!V158*100 -> 0.2971221
